Year,state_name,state_cd,Population,IncarcerationRate,Inmates,state_id
1978,Alabama,AL,3831836,144.21,5526,1
1978,Alaska,AK,404766,121.88,493,2
1978,Arizona,AZ,2515316,137.02,3446,4
1978,Arkansas,AR,2243127,115.04,2580,5
1978,California,CA,22835958,85.6,19548,6
1978,Colorado,CO,2766748,89.42,2474,8
1978,Connecticut,CT,3091627,60.2,1861,9
1978,Delaware,DE,594776,168.01,999,10
1978,Federal,FD,222095080,11.73,26052,57
1978,Florida,FL,9102032,232.64,21175,12
1978,Georgia,GA,5295751,204.95,10854,13
1978,Hawaii,HI,931584,52.33,487,15
1978,Idaho,ID,910690,88.03,802,16
1978,Illinois,IL,11412561,94.14,10744,17
1978,Indiana,IN,5470214,80.71,4415,18
1978,Iowa,IA,2918069,67.18,1960,19
1978,Kansas,KS,2335657,100.25,2341,20
1978,Kentucky,KY,3609976,93.86,3388,21
1978,Louisiana,LA,4068579,179,7283,22
1978,Maine,ME,1113566,51.73,576,23
1978,Maryland,MD,4183603,189.14,7913,24
1978,Massachusetts,MA,5736469,48.49,2782,25
1978,Michigan,MI,9217761,162.4,14970,26
1978,Minnesota,MN,4015341,48.79,1959,27
1978,Mississippi,MS,2487816,105.83,2633,28
1978,Missouri,MO,4889399,115.72,5658,29
1978,Montana,MT,782317,86.72,678,30
1978,Nebraska,NE,1563884,79.56,1244,31
1978,Nevada,NV,719436,187.66,1350,32
1978,New Hampshire,NH,891520,31.66,282,33
1978,New Jersey,NJ,7350804,73.7,5418,34
1978,New Mexico,NM,1238034,120.22,1488,35
1978,New York,NY,17680589,115.45,20412,36
1978,North Carolina,NC,5759492,213.76,12311,37
1978,North Dakota,ND,651301,21.2,138,38
1978,Ohio,OH,10795581,121.41,13107,39
1978,Oklahoma,OK,2917336,143.7,4192,40
1978,Oregon,OR,2518298,114.48,2883,41
1978,Pennsylvania,PA,11879396,65.08,7731,42
1978,Rhode Island,RI,951816,54.74,521,44
1978,South Carolina,SC,3044364,234.46,7138,45
1978,South Dakota,SD,688580,73.26,504,46
1978,Tennessee,TN,4486314,130.78,5867,47
1978,Texas,TX,13500429,182.07,24580,48
1978,United States,US,222095080,130.81,290523,0
1978,Utah,UT,1367510,66.56,910,49
1978,Vermont,VT,498109,70.44,351,50
1978,Virginia,VA,5270240,149.17,7862,51
1978,Washington,WA,3889073,115.46,4490,53
1978,West Virginia,WV,1923395,64.41,1239,54
1978,Wisconsin,WI,4646108,74.11,3443,55
1978,Wyoming,WY,432880,100.47,435,56
1979,Alabama,AL,3866248,141.21,5460,1
1979,Alaska,AK,402753,131.89,531,2
1979,Arizona,AZ,2635571,141.63,3733,4
1979,Arkansas,AR,2271333,131.33,2983,5
1979,California,CA,23256880,91.42,21261,6
1979,Colorado,CO,2849234,93.29,2658,8
1979,Connecticut,CT,3095917,69,2136,9
1979,Delaware,DE,594984,181.69,1081,10
1979,Federal,FD,224567241,9.97,22389,57
1979,Florida,FL,9426159,204.92,19316,12
1979,Georgia,GA,5401384,216.4,11689,13
1979,Hawaii,HI,953306,56.73,541,15
1979,Idaho,ID,932627,88.99,830,16
1979,Illinois,IL,11396837,99.46,11335,17
1979,Indiana,IN,5501174,96.26,5295,18
1979,Iowa,IA,2915739,77.52,2260,19
1979,Kansas,KS,2350906,97.54,2293,20
1979,Kentucky,KY,3641804,101.29,3689,21
1979,Louisiana,LA,4137665,184.05,7615,22
1979,Maine,ME,1122563,56.98,640,23
1979,Maryland,MD,4191160,186.11,7800,24
1979,Massachusetts,MA,5738404,50.07,2873,25
1979,Michigan,MI,9266268,162.2,15030,26
1979,Minnesota,MN,4050316,51.85,2100,27
1979,Mississippi,MS,2507069,136.58,3424,28
1979,Missouri,MO,4912430,107.97,5304,29
1979,Montana,MT,787305,90.21,710,30
1979,Nebraska,NE,1567344,76.25,1195,31
1979,Nevada,NV,765367,204.65,1566,32
1979,New Hampshire,NH,909074,34.65,315,33
1979,New Jersey,NJ,7366512,75.12,5534,34
1979,New Mexico,NM,1284722,114.48,1471,35
1979,New York,NY,17583838,118.27,20796,36
1979,North Carolina,NC,5823491,232.03,13512,37
1979,North Dakota,ND,652896,20.85,136,38
1979,Ohio,OH,10798298,123.72,13360,39
1979,Oklahoma,OK,2975310,143.09,4257,40
1979,Oregon,OR,2588012,122.87,3180,41
1979,Pennsylvania,PA,11887975,64.72,7694,42
1979,Rhode Island,RI,950382,58.43,555,44
1979,South Carolina,SC,3090267,230.49,7123,45
1979,South Dakota,SD,688335,78.22,538,46
1979,Tennessee,TN,4560473,146.23,6669,47
1979,Texas,TX,13888371,190.98,26524,48
1979,United States,US,224567241,133.07,298832,0
1979,Utah,UT,1420238,67.58,960,49
1979,Vermont,VT,505372,61.5,311,50
1979,Virginia,VA,5307945,154.01,8175,51
1979,Washington,WA,4017632,108.2,4347,53
1979,West Virginia,WV,1942146,64.51,1253,54
1979,Wisconsin,WI,4682811,78.8,3690,55
1979,Wyoming,WY,454378,111.53,507,56
1980,Alabama,AL,3893888,163.3,6359,1
1980,Alaska,AK,401851,141.1,567,2
1980,Arizona,AZ,2718215,159.37,4332,4
1980,Arkansas,AR,2286435,127.18,2908,5
1980,California,CA,23667902,97.78,23142,6
1980,Colorado,CO,2889964,89.67,2591,8
1980,Connecticut,CT,3107576,88.3,2744,9
1980,Delaware,DE,594338,182.71,1086,10
1980,Federal,FD,226545805,9.02,20434,57
1980,Florida,FL,9746324,205.37,20016,12
1980,Georgia,GA,5463105,217.38,11876,13
1980,Hawaii,HI,964691,64.9,626,15
1980,Idaho,ID,943935,86.13,813,16
1980,Illinois,IL,11426518,93.78,10716,17
1980,Indiana,IN,5490224,114.35,6278,18
1980,Iowa,IA,2913808,85.03,2478,19
1980,Kansas,KS,2363679,105.23,2487,20
1980,Kentucky,KY,3660777,97.89,3584,21
1980,Louisiana,LA,4205900,210.56,8856,22
1980,Maine,ME,1124660,59.5,669,23
1980,Maryland,MD,4216975,182.93,7714,24
1980,Massachusetts,MA,5737037,54.8,3144,25
1980,Michigan,MI,9262078,163.38,15132,26
1980,Minnesota,MN,4075970,48.96,1996,27
1980,Mississippi,MS,2520638,150.28,3788,28
1980,Missouri,MO,4916686,116.31,5719,29
1980,Montana,MT,786690,93.57,736,30
1980,Nebraska,NE,1569825,89.14,1399,31
1980,Nevada,NV,800493,226.97,1817,32
1980,New Hampshire,NH,920610,35.25,325,33
1980,New Jersey,NJ,7364823,75.42,5555,34
1980,New Mexico,NM,1302894,91.59,1193,35
1980,New York,NY,17558072,123.18,21628,36
1980,North Carolina,NC,5881766,245.18,14421,37
1980,North Dakota,ND,652717,28.27,185,38
1980,Ohio,OH,10797630,124.86,13482,39
1980,Oklahoma,OK,3025290,157.76,4773,40
1980,Oregon,OR,2633105,120.05,3161,41
1980,Pennsylvania,PA,11863895,68.33,8107,42
1980,Rhode Island,RI,947154,63.32,600,44
1980,South Carolina,SC,3121820,237.1,7402,45
1980,South Dakota,SD,690768,88.17,609,46
1980,Tennessee,TN,4591120,152.63,7007,47
1980,Texas,TX,14229191,208.48,29665,48
1980,United States,US,226545805,138.31,313336,0
1980,Utah,UT,1461037,62.99,920,49
1980,Vermont,VT,511456,66.69,341,50
1980,Virginia,VA,5346818,159.87,8548,51
1980,Washington,WA,4132156,105.87,4375,53
1980,West Virginia,WV,1949644,64.37,1255,54
1980,Wisconsin,WI,4705767,84.43,3973,55
1980,Wyoming,WY,469557,112.57,529,56
1981,Alabama,AL,3918531,183.72,7199,1
1981,Alaska,AK,418491,170.38,713,2
1981,Arizona,AZ,2810107,185.01,5199,4
1981,Arkansas,AR,2293201,145.13,3328,5
1981,California,CA,24285933,114.93,27912,6
1981,Colorado,CO,2977898,93.02,2770,8
1981,Connecticut,CT,3128836,107,3348,9
1981,Delaware,DE,595975,209.41,1248,10
1981,Federal,FD,229465714,9.61,22052,57
1981,Florida,FL,10192774,227.61,23200,12
1981,Georgia,GA,5568345,222.28,12377,13
1981,Hawaii,HI,978195,77.39,757,15
1981,Idaho,ID,962204,99.46,957,16
1981,Illinois,IL,11443458,122.37,14003,17
1981,Indiana,IN,5480435,137.93,7559,18
1981,Iowa,IA,2907983,91.82,2670,19
1981,Kansas,KS,2384849,116.15,2770,20
1981,Kentucky,KY,3670394,108.79,3993,21
1981,Louisiana,LA,4283303,219.81,9415,22
1981,Maine,ME,1133033,71.14,806,23
1981,Maryland,MD,4261905,209.11,8912,24
1981,Massachusetts,MA,5768685,65.72,3791,25
1981,Michigan,MI,9209287,164.58,15157,26
1981,Minnesota,MN,4111728,47.82,1966,27
1981,Mississippi,MS,2539036,177,4494,28
1981,Missouri,MO,4932064,131.57,6489,29
1981,Montana,MT,795328,104.11,828,30
1981,Nebraska,NE,1578515,93.57,1477,31
1981,Nevada,NV,847655,249.63,2116,32
1981,New Hampshire,NH,936621,42.49,398,33
1981,New Jersey,NJ,7407472,92.62,6861,34
1981,New Mexico,NM,1332748,100.92,1345,35
1981,New York,NY,17567734,145.12,25494,36
1981,North Carolina,NC,5956653,249.02,14833,37
1981,North Dakota,ND,659505,33.05,218,38
1981,Ohio,OH,10788330,138.74,14968,39
1981,Oklahoma,OK,3096164,170.57,5281,40
1981,Oregon,OR,2667982,123.39,3292,41
1981,Pennsylvania,PA,11858567,78.35,9291,42
1981,Rhode Island,RI,953013,72.3,689,44
1981,South Carolina,SC,3179255,251.95,8010,45
1981,South Dakota,SD,689584,96,662,46
1981,Tennessee,TN,4627658,170.65,7897,47
1981,Texas,TX,14746318,213.63,31503,48
1981,United States,US,229465714,153.34,351863,0
1981,Utah,UT,1515471,74.3,1126,49
1981,Vermont,VT,515594,76.61,395,50
1981,Virginia,VA,5444097,165.56,9013,51
1981,Washington,WA,4235731,125.98,5336,53
1981,West Virginia,WV,1954124,80.09,1565,54
1981,Wisconsin,WI,4726343,92.78,4385,55
1981,Wyoming,WY,491712,113.07,556,56
1982,Alabama,AL,3925266,218.61,8581,1
1982,Alaska,AK,449606,193.95,872,2
1982,Arizona,AZ,2889861,209.28,6048,4
1982,Arkansas,AR,2294257,170.95,3922,5
1982,California,CA,24820009,135.31,33584,6
1982,Colorado,CO,3061564,99.36,3042,8
1982,Connecticut,CT,3139013,99.68,3129,9
1982,Delaware,DE,599148,252.53,1513,10
1982,Federal,FD,231664458,10.16,23537,57
1982,Florida,FL,10471407,259.17,27139,12
1982,Georgia,GA,5649792,248.47,14038,13
1982,Hawaii,HI,993780,90.86,903,15
1982,Idaho,ID,973721,107.22,1044,16
1982,Illinois,IL,11423412,122.11,13949,17
1982,Indiana,IN,5467922,151.7,8295,18
1982,Iowa,IA,2888189,97.95,2829,19
1982,Kansas,KS,2401202,128.19,3078,20
1982,Kentucky,KY,3683445,109.44,4031,21
1982,Louisiana,LA,4352608,251.11,10930,22
1982,Maine,ME,1136684,78.47,892,23
1982,Maryland,MD,4282923,257.58,11032,24
1982,Massachusetts,MA,5771222,73.43,4238,25
1982,Michigan,MI,9115198,163.61,14913,26
1982,Minnesota,MN,4131450,50.37,2081,27
1982,Mississippi,MS,2556777,209.6,5359,28
1982,Missouri,MO,4929451,151.03,7445,29
1982,Montana,MT,803986,113.68,914,30
1982,Nebraska,NE,1581780,100.14,1584,31
1982,Nevada,NV,881537,312.29,2753,32
1982,New Hampshire,NH,947719,46.95,445,33
1982,New Jersey,NJ,7430968,107.52,7990,34
1982,New Mexico,NM,1363823,106.1,1447,35
1982,New York,NY,17589738,158.87,27945,36
1982,North Carolina,NC,6019101,255,15349,37
1982,North Dakota,ND,668972,41.26,276,38
1982,Ohio,OH,10757087,160.98,17317,39
1982,Oklahoma,OK,3206123,202.74,6500,40
1982,Oregon,OR,2664922,146.35,3900,41
1982,Pennsylvania,PA,11845146,88.21,10449,42
1982,Rhode Island,RI,954170,81.85,781,44
1982,South Carolina,SC,3207614,269.02,8629,45
1982,South Dakota,SD,690597,109.32,755,46
1982,Tennessee,TN,4646041,169.37,7869,47
1982,Texas,TX,15331415,235.78,36148,48
1982,United States,US,231664458,169.89,393575,0
1982,Utah,UT,1558314,76.94,1199,49
1982,Vermont,VT,519109,83.8,435,50
1982,Virginia,VA,5492783,176.87,9715,51
1982,Washington,WA,4276552,146.47,6264,53
1982,West Virginia,WV,1949604,79.35,1547,54
1982,Wisconsin,WI,4728870,99.69,4714,55
1982,Wyoming,WY,506400,138.62,702,56
1983,Alabama,AL,3934102,245.06,9641,1
1983,Alaska,AK,488417,219.49,1072,2
1983,Arizona,AZ,2968925,227.12,6743,4
1983,Arkansas,AR,2305761,184.15,4246,5
1983,California,CA,25360026,149.94,38025,6
1983,Colorado,CO,3133630,103.52,3244,8
1983,Connecticut,CT,3162354,113.11,3577,9
1983,Delaware,DE,605458,260.81,1579,10
1983,Federal,FD,233791994,11.21,26208,57
1983,Florida,FL,10749851,236.22,25393,12
1983,Georgia,GA,5728250,260.72,14935,13
1983,Hawaii,HI,1012717,105.16,1065,15
1983,Idaho,ID,981869,120.89,1187,16
1983,Illinois,IL,11408818,136.05,15522,17
1983,Indiana,IN,5450395,164.63,8973,18
1983,Iowa,IA,2870543,98.03,2814,19
1983,Kansas,KS,2415531,153.38,3705,20
1983,Kentucky,KY,3694484,129.19,4773,21
1983,Louisiana,LA,4395316,291.49,12812,22
1983,Maine,ME,1144772,75.21,861,23
1983,Maryland,MD,4313327,277.72,11979,24
1983,Massachusetts,MA,5799407,75.39,4372,25
1983,Michigan,MI,9047754,160.37,14510,26
1983,Minnesota,MN,4141456,51.02,2113,27
1983,Mississippi,MS,2567717,213.46,5481,28
1983,Missouri,MO,4943733,163.9,8103,29
1983,Montana,MT,814031,110.68,901,30
1983,Nebraska,NE,1584293,97.9,1551,31
1983,Nevada,NV,901977,353.45,3188,32
1983,New Hampshire,NH,958134,49.99,479,33
1983,New Jersey,NJ,7467785,123.09,9192,34
1983,New Mexico,NM,1394361,122.49,1708,35
1983,New York,NY,17686905,172.5,30510,36
1983,North Carolina,NC,6077056,234.6,14257,37
1983,North Dakota,ND,676688,51.72,350,38
1983,Ohio,OH,10737632,167.7,18007,39
1983,Oklahoma,OK,3290402,227.33,7480,40
1983,Oregon,OR,2653066,148.96,3952,41
1983,Pennsylvania,PA,11837723,98.83,11699,42
1983,Rhode Island,RI,956382,91.81,878,44
1983,South Carolina,SC,3234066,280.64,9076,45
1983,South Dakota,SD,693008,116.6,808,46
1983,Tennessee,TN,4659749,176,8201,47
1983,Texas,TX,15751676,223.84,35259,48
1983,United States,US,233791994,178.55,417436,0
1983,Utah,UT,1594943,79.06,1261,49
1983,Vermont,VT,523302,72.23,378,50
1983,Virginia,VA,5564657,177.1,9855,51
1983,Washington,WA,4300266,154.83,6658,53
1983,West Virginia,WV,1945061,82.83,1611,54
1983,Wisconsin,WI,4721438,102.62,4845,55
1983,Wyoming,WY,510345,141.28,721,56
1984,Alabama,AL,3951820,259.27,10246,1
1984,Alaska,AK,513702,251.7,1293,2
1984,Arizona,AZ,3067135,249.29,7646,4
1984,Arkansas,AR,2319768,193.21,4482,5
1984,California,CA,25844393,161.16,41651,6
1984,Colorado,CO,3169992,101.92,3231,8
1984,Connecticut,CT,3180014,117.86,3748,9
1984,Delaware,DE,611565,252.81,1546,10
1984,Federal,FD,235824902,11.65,27474,57
1984,Florida,FL,11039925,242.38,26759,12
1984,Georgia,GA,5834954,250.15,14596,13
1984,Hawaii,HI,1027922,129.39,1330,15
1984,Idaho,ID,990839,126.46,1253,16
1984,Illinois,IL,11412132,149.96,17114,17
1984,Indiana,IN,5458322,166.04,9063,18
1984,Iowa,IA,2858618,99.21,2836,19
1984,Kansas,KS,2424086,175.08,4244,20
1984,Kentucky,KY,3695453,130.43,4820,21
1984,Louisiana,LA,4400477,310.4,13659,22
1984,Maine,ME,1155635,73.29,847,23
1984,Maryland,MD,4365243,285.02,12442,24
1984,Massachusetts,MA,5840773,81.12,4738,25
1984,Michigan,MI,9049452,161.38,14604,26
1984,Minnesota,MN,4157706,52.12,2167,27
1984,Mississippi,MS,2578051,231.72,5974,28
1984,Missouri,MO,4975278,176.27,8770,29
1984,Montana,MT,820905,117.43,964,30
1984,Nebraska,NE,1588639,98.64,1567,31
1984,Nevada,NV,924922,377.12,3488,32
1984,New Hampshire,NH,976864,59.48,581,33
1984,New Jersey,NJ,7515473,137.89,10363,34
1984,New Mexico,NM,1416717,134.68,1908,35
1984,New York,NY,17745684,186.57,33108,36
1984,North Carolina,NC,6164006,246.9,15219,37
1984,North Dakota,ND,680497,55.11,375,38
1984,Ohio,OH,10737746,173.4,18619,39
1984,Oklahoma,OK,3285533,239.6,7872,40
1984,Oregon,OR,2666588,158.4,4224,41
1984,Pennsylvania,PA,11815172,110.01,12998,42
1984,Rhode Island,RI,961894,92.63,891,44
1984,South Carolina,SC,3271868,284.7,9315,45
1984,South Dakota,SD,697249,129.65,904,46
1984,Tennessee,TN,4686737,155.91,7307,47
1984,Texas,TX,16007086,229.16,36682,48
1984,United States,US,235824902,187.14,441323,0
1984,Utah,UT,1622342,91.9,1491,49
1984,Vermont,VT,526660,71.77,378,50
1984,Virginia,VA,5643870,188.97,10665,51
1984,Washington,WA,4343656,157.03,6821,53
1984,West Virginia,WV,1927697,81.91,1579,54
1984,Wisconsin,WI,4735563,105.03,4974,55
1984,Wyoming,WY,504896,143.4,724,56
1985,Alabama,AL,3972523,270.58,10749,1
1985,Alaska,AK,532495,287.33,1530,2
1985,Arizona,AZ,3183538,259.87,8273,4
1985,Arkansas,AR,2327046,198.15,4611,5
1985,California,CA,26441109,182.77,48326,6
1985,Colorado,CO,3208723,105.52,3386,8
1985,Connecticut,CT,3201131,126.3,4043,9
1985,Delaware,DE,618280,284.5,1759,10
1985,Federal,FD,237923795,13.67,32524,57
1985,Florida,FL,11351118,250.92,28482,12
1985,Georgia,GA,5962661,257.65,15363,13
1985,Hawaii,HI,1039698,137.35,1428,15
1985,Idaho,ID,994051,135.21,1344,16
1985,Illinois,IL,11399806,163.46,18634,17
1985,Indiana,IN,5459211,178.91,9767,18
1985,Iowa,IA,2829684,94.96,2687,19
1985,Kansas,KS,2427405,194.94,4732,20
1985,Kentucky,KY,3694826,134.81,4981,21
1985,Louisiana,LA,4408118,315.1,13890,22
1985,Maine,ME,1162936,105.51,1227,23
1985,Maryland,MD,4413071,278.78,12303,24
1985,Massachusetts,MA,5880733,87.74,5160,25
1985,Michigan,MI,9076293,195.62,17755,26
1985,Minnesota,MN,4184302,56,2343,27
1985,Mississippi,MS,2588102,239.87,6208,28
1985,Missouri,MO,5000268,195.91,9796,29
1985,Montana,MT,822320,137.3,1129,30
1985,Nebraska,NE,1584664,109.36,1733,31
1985,Nevada,NV,951030,396.52,3771,32
1985,New Hampshire,NH,996753,68.52,683,33
1985,New Jersey,NJ,7565528,149.82,11335,34
1985,New Mexico,NM,1438361,146.83,2112,35
1985,New York,NY,17791672,193.95,34507,36
1985,North Carolina,NC,6253954,255.95,16007,37
1985,North Dakota,ND,676980,55.39,375,38
1985,Ohio,OH,10734926,194.36,20864,39
1985,Oklahoma,OK,3271332,254.64,8330,40
1985,Oregon,OR,2672652,163.73,4376,41
1985,Pennsylvania,PA,11770862,119.95,14119,42
1985,Rhode Island,RI,968955,99.39,963,44
1985,South Carolina,SC,3303209,299.95,9908,45
1985,South Dakota,SD,698402,148.48,1037,46
1985,Tennessee,TN,4715296,151.15,7127,47
1985,Texas,TX,16272734,230.64,37531,48
1985,United States,US,237923795,200.98,478179,0
1985,Utah,UT,1642910,98.79,1623,49
1985,Vermont,VT,530035,83.58,443,50
1985,Virginia,VA,5715153,205.02,11717,51
1985,Washington,WA,4400098,157.25,6919,53
1985,West Virginia,WV,1906831,90.46,1725,54
1985,Wisconsin,WI,4747767,113.63,5395,55
1985,Wyoming,WY,499695,152.49,762,56
1986,Alabama,AL,3991569,288.21,11504,1
1986,Alaska,AK,544268,306.1,1666,2
1986,Arizona,AZ,3308262,273.19,9038,4
1986,Arkansas,AR,2331984,201.59,4701,5
1986,California,CA,27102237,212.99,57725,6
1986,Colorado,CO,3237450,117.5,3804,8
1986,Connecticut,CT,3223740,134.19,4326,9
1986,Delaware,DE,627559,311.69,1956,10
1986,Federal,FD,240132887,15.14,36356,57
1986,Florida,FL,11667505,276.22,32228,12
1986,Georgia,GA,6084666,260.49,15850,13
1986,Hawaii,HI,1051762,144.62,1521,15
1986,Idaho,ID,990224,146.23,1448,16
1986,Illinois,IL,11387257,170.86,19456,17
1986,Indiana,IN,5454108,182.67,9963,18
1986,Iowa,IA,2791970,99.46,2777,19
1986,Kansas,KS,2432619,219.72,5345,20
1986,Kentucky,KY,3687809,143.39,5288,21
1986,Louisiana,LA,4406919,324.49,14300,22
1986,Maine,ME,1170126,106.14,1242,23
1986,Maryland,MD,4486957,279.9,12559,24
1986,Massachusetts,MA,5902678,91.42,5396,25
1986,Michigan,MI,9127775,227.24,20742,26
1986,Minnesota,MN,4205212,58.55,2462,27
1986,Mississippi,MS,2593597,252.97,6561,28
1986,Missouri,MO,5023068,205.23,10309,29
1986,Montana,MT,813739,136.53,1111,30
1986,Nebraska,NE,1574333,124.12,1954,31
1986,Nevada,NV,980613,464.08,4551,32
1986,New Hampshire,NH,1025053,76.29,782,33
1986,New Jersey,NJ,7622159,157.7,12020,34
1986,New Mexico,NM,1462729,157.65,2306,35
1986,New York,NY,17833419,215.6,38449,36
1986,North Carolina,NC,6321578,259,16373,37
1986,North Dakota,ND,669512,53.92,361,38
1986,Ohio,OH,10730268,209.34,22463,39
1986,Oklahoma,OK,3252735,298.46,9708,40
1986,Oregon,OR,2683528,177.75,4770,41
1986,Pennsylvania,PA,11782752,128.7,15164,42
1986,Rhode Island,RI,977341,103.03,1007,44
1986,South Carolina,SC,3342758,329.73,11022,45
1986,South Dakota,SD,696034,150.87,1050,46
1986,Tennessee,TN,4738708,160.19,7591,47
1986,Texas,TX,16561113,232.68,38534,48
1986,United States,US,240132887,216.39,519624,0
1986,Utah,UT,1662834,104.94,1745,49
1986,Vermont,VT,534066,82.2,439,50
1986,Virginia,VA,5811700,215.86,12545,51
1986,Washington,WA,4452720,148.29,6603,53
1986,West Virginia,WV,1882350,78.2,1472,54
1986,Wisconsin,WI,4755618,120.22,5717,55
1986,Wyoming,WY,495633,173.72,861,56
1987,Alabama,AL,4015264,313.85,12602,1
1987,Alaska,AK,539309,327.64,1767,2
1987,Arizona,AZ,3437103,307.18,10558,4
1987,Arkansas,AR,2342355,232.29,5441,5
1987,California,CA,27777158,233.33,64812,6
1987,Colorado,CO,3260480,147.46,4808,8
1987,Connecticut,CT,3247291,142.8,4637,9
1987,Delaware,DE,636947,338.96,2159,10
1987,Federal,FD,242288918,16.23,39323,57
1987,Florida,FL,11997283,269.73,32360,12
1987,Georgia,GA,6208467,285.48,17724,13
1987,Hawaii,HI,1067918,143.46,1532,15
1987,Idaho,ID,984997,145.68,1435,16
1987,Illinois,IL,11391178,174.26,19850,17
1987,Indiana,IN,5473012,194.3,10634,18
1987,Iowa,IA,2767011,103.04,2851,19
1987,Kansas,KS,2445367,236.4,5781,20
1987,Kentucky,KY,3683329,174.76,6437,21
1987,Louisiana,LA,4344148,353.93,15375,22
1987,Maine,ME,1184574,104.51,1238,23
1987,Maryland,MD,4565557,282.81,12912,24
1987,Massachusetts,MA,5935204,100.62,5972,25
1987,Michigan,MI,9187481,259.91,23879,26
1987,Minnesota,MN,4235136,60.12,2546,27
1987,Mississippi,MS,2588545,259.57,6719,28
1987,Missouri,MO,5056696,224.59,11357,29
1987,Montana,MT,805063,149.93,1207,30
1987,Nebraska,NE,1566547,125.31,1963,31
1987,Nevada,NV,1023376,433.25,4434,32
1987,New Hampshire,NH,1054289,82.24,867,33
1987,New Jersey,NJ,7670742,208.18,15969,34
1987,New Mexico,NM,1478520,174.91,2586,35
1987,New York,NY,17868848,228.57,40843,36
1987,North Carolina,NC,6403700,251.7,16118,37
1987,North Dakota,ND,661136,57.47,380,38
1987,Ohio,OH,10760090,225.28,24240,39
1987,Oklahoma,OK,3210122,300.27,9639,40
1987,Oregon,OR,2700991,202.04,5457,41
1987,Pennsylvania,PA,11810866,137.55,16246,42
1987,Rhode Island,RI,989604,100.14,991,44
1987,South Carolina,SC,3380506,350.89,11862,45
1987,South Dakota,SD,696036,162.78,1133,46
1987,Tennessee,TN,4782927,159.71,7639,47
1987,Texas,TX,16621791,233.56,38822,48
1987,United States,US,242288918,230.35,558113,0
1987,Utah,UT,1678119,109.47,1837,49
1987,Vermont,VT,540267,93.47,505,50
1987,Virginia,VA,5932268,217.98,12931,51
1987,Washington,WA,4531901,135.29,6131,53
1987,West Virginia,WV,1857585,78,1449,54
1987,Wisconsin,WI,4777919,128.21,6126,55
1987,Wyoming,WY,476965,192.05,916,56
1988,Alabama,AL,4023844,307.09,12357,1
1988,Alaska,AK,541983,343.56,1862,2
1988,Arizona,AZ,3535183,327.51,11578,4
1988,Arkansas,AR,2342656,235.59,5519,5
1988,California,CA,28464249,259.2,73779,6
1988,Colorado,CO,3262281,176.72,5765,8
1988,Connecticut,CT,3271953,144.35,4723,9
1988,Delaware,DE,647622,340.81,2207,10
1988,Federal,FD,244498982,17.39,42518,57
1988,Florida,FL,12306395,281.81,34681,12
1988,Georgia,GA,6316142,285.27,18018,13
1988,Hawaii,HI,1079828,139.84,1510,15
1988,Idaho,ID,985664,160.4,1581,16
1988,Illinois,IL,11390183,185.08,21081,17
1988,Indiana,IN,5491735,205.23,11271,18
1988,Iowa,IA,2768388,109.59,3034,19
1988,Kansas,KS,2461996,236.27,5817,20
1988,Kentucky,KY,3679999,193.45,7119,21
1988,Louisiana,LA,4288863,378.7,16242,22
1988,Maine,ME,1203840,100.84,1214,23
1988,Maryland,MD,4657904,291.37,13572,24
1988,Massachusetts,MA,5979982,107.94,6455,25
1988,Michigan,MI,9217998,299.54,27612,26
1988,Minnesota,MN,4296166,65.15,2799,27
1988,Mississippi,MS,2580352,281.01,7251,28
1988,Missouri,MO,5081736,239.6,12176,29
1988,Montana,MT,800202,158.96,1272,30
1988,Nebraska,NE,1571477,131.47,2066,31
1988,Nevada,NV,1075022,454.04,4881,32
1988,New Hampshire,NH,1082577,94.13,1019,33
1988,New Jersey,NJ,7712333,219.6,16936,34
1988,New Mexico,NM,1490337,182.71,2723,35
1988,New York,NY,17941309,248.36,44559,36
1988,North Carolina,NC,6480594,250.76,16251,37
1988,North Dakota,ND,655331,63.18,414,38
1988,Ohio,OH,10798552,245.05,26462,39
1988,Oklahoma,OK,3167057,329.9,10448,40
1988,Oregon,OR,2741297,218.55,5991,41
1988,Pennsylvania,PA,11845752,150.97,17884,42
1988,Rhode Island,RI,996408,118.32,1179,44
1988,South Carolina,SC,3412096,378.12,12902,45
1988,South Dakota,SD,698165,146.1,1020,46
1988,Tennessee,TN,4822437,160.33,7732,47
1988,Texas,TX,16667022,242.62,40438,48
1988,United States,US,244498982,245.71,600758,0
1988,Utah,UT,1689372,115.07,1944,49
1988,Vermont,VT,549763,100.59,553,50
1988,Virginia,VA,6036909,230.71,13928,51
1988,Washington,WA,4639893,125.35,5816,53
1988,West Virginia,WV,1830215,79.5,1455,54
1988,Wisconsin,WI,4822388,131.16,6325,55
1988,Wyoming,WY,465101,203.18,945,56
1989,Alabama,AL,4030222,336.83,13575,1
1989,Alaska,AK,547159,348.72,1908,2
1989,Arizona,AZ,3622185,351.34,12726,4
1989,Arkansas,AR,2346358,278.98,6546,5
1989,California,CA,29218164,288.65,84338,6
1989,Colorado,CO,3275818,210.88,6908,8
1989,Connecticut,CT,3283403,192.15,6309,9
1989,Delaware,DE,658273,346.99,2284,10
1989,Federal,FD,246819230,19.01,46920,57
1989,Florida,FL,12637715,316.24,39966,12
1989,Georgia,GA,6411099,306.02,19619,13
1989,Hawaii,HI,1094588,160.52,1757,15
1989,Idaho,ID,994416,186.04,1850,16
1989,Illinois,IL,11409782,216.59,24712,17
1989,Indiana,IN,5523693,221.23,12220,18
1989,Iowa,IA,2770592,129.36,3584,19
1989,Kansas,KS,2472849,227.11,5616,20
1989,Kentucky,KY,3677306,225.41,8289,21
1989,Louisiana,LA,4252894,405.77,17257,22
1989,Maine,ME,1219961,117.38,1432,23
1989,Maryland,MD,4727301,325.3,15378,24
1989,Massachusetts,MA,6015478,120.82,7268,25
1989,Michigan,MI,9253295,341.92,31639,26
1989,Minnesota,MN,4338057,71.53,3103,27
1989,Mississippi,MS,2574269,299.11,7700,28
1989,Missouri,MO,5095830,273.18,13921,29
1989,Montana,MT,799636,166.07,1328,30
1989,Nebraska,NE,1574864,144.65,2278,31
1989,Nevada,NV,1137382,449.46,5112,32
1989,New Hampshire,NH,1104522,105.57,1166,33
1989,New Jersey,NJ,7726089,251.6,19439,34
1989,New Mexico,NM,1503901,207.46,3120,35
1989,New York,NY,17983086,284.89,51232,36
1989,North Carolina,NC,6565459,253.26,16628,37
1989,North Dakota,ND,646351,62.51,404,38
1989,Ohio,OH,10829217,282,30538,39
1989,Oklahoma,OK,3150307,368.47,11608,40
1989,Oregon,OR,2790575,220.6,6156,41
1989,Pennsylvania,PA,11865996,172.41,20458,42
1989,Rhode Island,RI,1000666,146.8,1469,44
1989,South Carolina,SC,3456775,428.38,14808,45
1989,South Dakota,SD,696701,180.28,1256,46
1989,Tennessee,TN,4854444,218.97,10630,47
1989,Texas,TX,16806735,261.93,44022,48
1989,United States,US,246819230,274.4,677272,0
1989,Utah,UT,1705864,138.82,2368,49
1989,Vermont,VT,557707,112.25,626,50
1989,Virginia,VA,6120246,265.89,16273,51
1989,Washington,WA,4746316,145.97,6928,53
1989,West Virginia,WV,1806568,85.02,1536,54
1989,Wisconsin,WI,4856574,139.5,6775,55
1989,Wyoming,WY,458374,223.83,1026,56
1990,Alabama,AL,4040587,379.38,15329,1
1990,Alaska,AK,550043,334.54,1840,2
1990,Arizona,AZ,3665228,374.07,13711,4
1990,Arkansas,AR,2350725,308.67,7256,5
1990,California,CA,29760021,314.16,93494,6
1990,Colorado,CO,3294394,231.92,7640,8
1990,Connecticut,CT,3287116,236.06,7760,9
1990,Delaware,DE,666168,334.69,2230,10
1990,Federal,FD,248709873,20.1,49991,57
1990,Florida,FL,12937926,340.51,44055,12
1990,Georgia,GA,6478216,332.75,21556,13
1990,Hawaii,HI,1108229,153.39,1700,15
1990,Idaho,ID,1006749,193.7,1950,16
1990,Illinois,IL,11430602,240.24,27461,17
1990,Indiana,IN,5544159,226.98,12584,18
1990,Iowa,IA,2776755,142.65,3961,19
1990,Kansas,KS,2477574,232.74,5766,20
1990,Kentucky,KY,3685296,244.26,9002,21
1990,Louisiana,LA,4219973,440.57,18592,22
1990,Maine,ME,1227928,120.16,1475,23
1990,Maryland,MD,4781468,348.64,16670,24
1990,Massachusetts,MA,6016425,133.06,8005,25
1990,Michigan,MI,9295297,368.01,34208,26
1990,Minnesota,MN,4375099,72.35,3165,27
1990,Mississippi,MS,2573216,313.47,8066,28
1990,Missouri,MO,5117073,291.35,14909,29
1990,Montana,MT,799065,178.08,1423,30
1990,Nebraska,NE,1578385,144.53,2281,31
1990,Nevada,NV,1201833,435.98,5240,32
1990,New Hampshire,NH,1109252,120.64,1338,33
1990,New Jersey,NJ,7730188,272.16,21038,34
1990,New Mexico,NM,1515069,201.57,3054,35
1990,New York,NY,17990455,304.62,54803,36
1990,North Carolina,NC,6628637,266.57,17670,37
1990,North Dakota,ND,638800,68.22,436,38
1990,Ohio,OH,10847115,292.91,31772,39
1990,Oklahoma,OK,3145585,390.15,12272,40
1990,Oregon,OR,2842321,226.96,6451,41
1990,Pennsylvania,PA,11881643,187.18,22240,42
1990,Rhode Island,RI,1003464,157.65,1582,44
1990,South Carolina,SC,3486703,462.93,16141,45
1990,South Dakota,SD,696004,192.37,1339,46
1990,Tennessee,TN,4877185,212.24,10351,47
1990,Texas,TX,16986510,293.39,49837,48
1990,United States,US,248709873,295.14,734042,0
1990,Utah,UT,1722850,142.9,2462,49
1990,Vermont,VT,562758,120.57,679,50
1990,Virginia,VA,6187358,280.17,17335,51
1990,Washington,WA,4866692,163.06,7936,53
1990,West Virginia,WV,1793477,87.31,1566,54
1990,Wisconsin,WI,4891769,151.65,7418,55
1990,Wyoming,WY,453588,244.66,1110,56
1991,Alabama,AL,4099156,400.08,16400,1
1991,Alaska,AK,570193,322.7,1840,2
1991,Arizona,AZ,3788576,391.78,14843,4
1991,Arkansas,AR,2383144,324.03,7722,5
1991,California,CA,30470736,323.31,98515,6
1991,Colorado,CO,3387119,247.76,8392,8
1991,Connecticut,CT,3302895,259.92,8585,9
1991,Delaware,DE,683080,362.04,2473,10
1991,Federal,FD,252980941,22.35,56541,57
1991,Florida,FL,13369798,348.03,46531,12
1991,Georgia,GA,6653005,345.84,23009,13
1991,Hawaii,HI,1136754,155.35,1766,15
1991,Idaho,ID,1041316,205.8,2143,16
1991,Illinois,IL,11568964,251.66,29114,17
1991,Indiana,IN,5616388,241.72,13576,18
1991,Iowa,IA,2797613,148.16,4145,19
1991,Kansas,KS,2498722,236.24,5903,20
1991,Kentucky,KY,3722328,263.25,9799,21
1991,Louisiana,LA,4253279,470.3,20003,22
1991,Maine,ME,1237081,125.94,1558,23
1991,Maryland,MD,4867641,366.17,17824,24
1991,Massachusetts,MA,6018470,146.57,8821,25
1991,Michigan,MI,9400446,387.46,36423,26
1991,Minnesota,MN,4440859,78.18,3472,27
1991,Mississippi,MS,2598733,334.09,8682,28
1991,Missouri,MO,5170800,307.44,15897,29
1991,Montana,MT,809680,182.54,1478,30
1991,Nebraska,NE,1595919,150.76,2406,31
1991,Nevada,NV,1296171,449.25,5823,32
1991,New Hampshire,NH,1109929,138.12,1533,33
1991,New Jersey,NJ,7814676,300.5,23483,34
1991,New Mexico,NM,1555305,193.92,3016,35
1991,New York,NY,18122510,319.28,57862,36
1991,North Carolina,NC,6784280,269.33,18272,37
1991,North Dakota,ND,635753,69.37,441,38
1991,Ohio,OH,10945762,326.56,35744,39
1991,Oklahoma,OK,3175440,420.1,13340,40
1991,Oregon,OR,2928507,190.37,5575,41
1991,Pennsylvania,PA,11982164,195.17,23386,42
1991,Rhode Island,RI,1010649,173.06,1749,44
1991,South Carolina,SC,3570404,481.96,17208,45
1991,South Dakota,SD,703669,195.26,1374,46
1991,Tennessee,TN,4966587,231.02,11474,47
1991,Texas,TX,17398005,297.03,51677,48
1991,United States,US,252980941,311.34,787631,0
1991,Utah,UT,1779780,146.48,2607,49
1991,Vermont,VT,568606,128.91,733,50
1991,Virginia,VA,6301217,312,19660,51
1991,Washington,WA,5025624,182.19,9156,53
1991,West Virginia,WV,1798735,83.5,1502,54
1991,Wisconsin,WI,4964343,156.62,7775,55
1991,Wyoming,WY,459260,239.3,1099,56
1992,Alabama,AL,4154014,407.75,16938,1
1992,Alaska,AK,588736,330.2,1944,2
1992,Arizona,AZ,3915740,404.78,15850,4
1992,Arkansas,AR,2415984,339.2,8195,5
1992,California,CA,30974659,340.49,105466,6
1992,Colorado,CO,3495939,257.36,8997,8
1992,Connecticut,CT,3300712,266.43,8794,9
1992,Delaware,DE,694925,389.25,2705,10
1992,Federal,FD,256514224,25.61,65693,57
1992,Florida,FL,13650553,353.72,48285,12
1992,Georgia,GA,6817203,364.49,24848,13
1992,Hawaii,HI,1158613,191.78,2222,15
1992,Idaho,ID,1071685,210.51,2256,16
1992,Illinois,IL,11694184,270.56,31640,17
1992,Indiana,IN,5674547,243.03,13791,18
1992,Iowa,IA,2818401,160.3,4518,19
1992,Kansas,KS,2532394,238.04,6028,20
1992,Kentucky,KY,3765469,275.24,10364,21
1992,Louisiana,LA,4293003,486.75,20896,22
1992,Maine,ME,1238508,120.47,1492,23
1992,Maryland,MD,4923368,382.01,18808,24
1992,Massachusetts,MA,6028709,160.32,9665,25
1992,Michigan,MI,9479065,412.63,39113,26
1992,Minnesota,MN,4495572,85.02,3822,27
1992,Mississippi,MS,2623734,332.27,8718,28
1992,Missouri,MO,5217101,310.27,16187,29
1992,Montana,MT,825770,187.46,1548,30
1992,Nebraska,NE,1611687,151.08,2435,31
1992,Nevada,NV,1351367,447.62,6049,32
1992,New Hampshire,NH,1117784,158.98,1777,33
1992,New Jersey,NJ,7880508,287.46,22653,34
1992,New Mexico,NM,1595442,197.69,3154,35
1992,New York,NY,18246653,338.34,61736,36
1992,North Carolina,NC,6897214,289.46,19965,37
1992,North Dakota,ND,638223,67.06,428,38
1992,Ohio,OH,11029431,347.96,38378,39
1992,Oklahoma,OK,3220517,460.21,14821,40
1992,Oregon,OR,2991755,175.01,5236,41
1992,Pennsylvania,PA,12049450,207.2,24966,42
1992,Rhode Island,RI,1012581,168.88,1710,44
1992,South Carolina,SC,3620464,486.46,17612,45
1992,South Dakota,SD,712801,208.61,1487,46
1992,Tennessee,TN,5049742,234.65,11849,47
1992,Texas,TX,17759738,340.47,60467,48
1992,United States,US,256514224,329.91,846266,0
1992,Utah,UT,1836799,146.29,2687,49
1992,Vermont,VT,572751,151.03,865,50
1992,Virginia,VA,6414307,327.22,20989,51
1992,Washington,WA,5160757,192.98,9959,53
1992,West Virginia,WV,1806451,92.67,1674,54
1992,Wisconsin,WI,5025398,159.03,7992,55
1992,Wyoming,WY,466251,227.99,1063,56
1993,Alabama,AL,4214202,431.14,18169,1
1993,Alaska,AK,599432,450.93,2703,2
1993,Arizona,AZ,4065440,422.09,17160,4
1993,Arkansas,AR,2456303,325.04,7984,5
1993,California,CA,31274928,369.54,115573,6
1993,Colorado,CO,3613734,261.83,9462,8
1993,Connecticut,CT,3309175,317.54,10508,9
1993,Delaware,DE,706378,393.7,2781,10
1993,Federal,FD,259918588,28.71,74623,57
1993,Florida,FL,13927185,379.71,52883,12
1993,Georgia,GA,6978240,388.05,27079,13
1993,Hawaii,HI,1172838,198.66,2330,15
1993,Idaho,ID,1108768,235.04,2606,16
1993,Illinois,IL,11809579,292.09,34495,17
1993,Indiana,IN,5739019,250.29,14364,18
1993,Iowa,IA,2836972,172.65,4898,19
1993,Kansas,KS,2556547,224.01,5727,20
1993,Kentucky,KY,3812206,273.86,10440,21
1993,Louisiana,LA,4316428,520.52,22468,22
1993,Maine,ME,1242302,116.4,1446,23
1993,Maryland,MD,4971889,384.58,19121,24
1993,Massachusetts,MA,6060569,153.02,9274,25
1993,Michigan,MI,9540114,412.13,39318,26
1993,Minnesota,MN,4555954,92.19,4200,27
1993,Mississippi,MS,2655100,361.61,9601,28
1993,Missouri,MO,5271175,306.91,16178,29
1993,Montana,MT,844761,182.42,1541,30
1993,Nebraska,NE,1625590,151.76,2467,31
1993,Nevada,NV,1411215,442.6,6246,32
1993,New Hampshire,NH,1129458,157.16,1775,33
1993,New Jersey,NJ,7948915,299.8,23831,34
1993,New Mexico,NM,1636453,206.12,3373,35
1993,New York,NY,18374954,351.4,64570,36
1993,North Carolina,NC,7042818,303.39,21367,37
1993,North Dakota,ND,641216,69.56,446,38
1993,Ohio,OH,11101140,366.1,40641,39
1993,Oklahoma,OK,3252285,504.54,16409,40
1993,Oregon,OR,3060367,167.01,5111,41
1993,Pennsylvania,PA,12119724,214.9,26045,42
1993,Rhode Island,RI,1015112,169.34,1719,44
1993,South Carolina,SC,3663314,488.52,17896,45
1993,South Dakota,SD,722159,215.05,1553,46
1993,Tennessee,TN,5137584,249.61,12824,47
1993,Texas,TX,18161612,506.63,92012,48
1993,United States,US,259918588,359.69,934901,0
1993,Utah,UT,1898404,151.23,2871,49
1993,Vermont,VT,577748,154.57,893,50
1993,Virginia,VA,6509630,347.72,22635,51
1993,Washington,WA,5278842,197.37,10419,53
1993,West Virginia,WV,1817539,99.31,1805,54
1993,Wisconsin,WI,5084889,165.63,8422,55
1993,Wyoming,WY,473081,238.44,1128,56
1994,Alabama,AL,4260229,447.72,19074,1
1994,Alaska,AK,603308,320.57,1934,2
1994,Arizona,AZ,4245089,447.69,19005,4
1994,Arkansas,AR,2494019,354.09,8831,5
1994,California,CA,31484435,386.13,121571,6
1994,Colorado,CO,3724168,287.77,10717,8
1994,Connecticut,CT,3316121,316.64,10500,9
1994,Delaware,DE,717545,396.35,2844,10
1994,Federal,FD,263125821,30.5,80253,57
1994,Florida,FL,14239444,401.37,57153,12
1994,Georgia,GA,7157165,454.41,32523,13
1994,Hawaii,HI,1187536,201.43,2392,15
1994,Idaho,ID,1145140,245.47,2811,16
1994,Illinois,IL,11912585,306.66,36531,17
1994,Indiana,IN,5793526,257.46,14916,18
1994,Iowa,IA,2850746,190.72,5437,19
1994,Kansas,KS,2580513,246.89,6371,20
1994,Kentucky,KY,3849088,287.5,11066,21
1994,Louisiana,LA,4347481,553.49,24063,22
1994,Maine,ME,1242662,112.74,1401,23
1994,Maryland,MD,5023060,395.26,19854,24
1994,Massachusetts,MA,6095241,170.64,10401,25
1994,Michigan,MI,9597737,423.34,40631,26
1994,Minnesota,MN,4610355,99.23,4575,27
1994,Mississippi,MS,2688992,394.42,10606,28
1994,Missouri,MO,5324497,336.14,17898,29
1994,Montana,MT,861306,204.81,1764,30
1994,Nebraska,NE,1639041,162.72,2667,31
1994,Nevada,NV,1499298,466.42,6993,32
1994,New Hampshire,NH,1142560,176.88,2021,33
1994,New Jersey,NJ,8014306,307.35,24632,34
1994,New Mexico,NM,1682398,210,3533,35
1994,New York,NY,18459470,361.6,66749,36
1994,North Carolina,NC,7187398,320.64,23046,37
1994,North Dakota,ND,644804,77.7,501,38
1994,Ohio,OH,11152454,375.77,41908,39
1994,Oklahoma,OK,3280940,506.9,16631,40
1994,Oregon,OR,3121264,190.15,5935,41
1994,Pennsylvania,PA,12166050,232.57,28295,42
1994,Rhode Island,RI,1015960,182.68,1856,44
1994,South Carolina,SC,3705397,490.31,18168,45
1994,South Dakota,SD,730790,233.72,1708,46
1994,Tennessee,TN,5231438,275.28,14401,47
1994,Texas,TX,18564062,636.69,118196,48
1994,United States,US,263125821,388.62,1022560,0
1994,Utah,UT,1960446,154.45,3028,49
1994,Vermont,VT,583836,168.03,981,50
1994,Virginia,VA,6593139,406.36,26792,51
1994,Washington,WA,5375161,201.54,10833,53
1994,West Virginia,WV,1820421,128.1,2332,54
1994,Wisconsin,WI,5133678,185.46,9521,55
1994,Wyoming,WY,480283,253.39,1217,56
1995,Alabama,AL,4296800,468.49,20130,1
1995,Alaska,AK,604412,337.85,2042,2
1995,Arizona,AZ,4432499,457.78,20291,4
1995,Arkansas,AR,2535399,336.04,8520,5
1995,California,CA,31696582,415.64,131744,6
1995,Colorado,CO,3826653,289.1,11063,8
1995,Connecticut,CT,3324144,313.43,10419,9
1995,Delaware,DE,729734,413.03,3014,10
1995,Federal,FD,266278393,31.68,84357,57
1995,Florida,FL,14537875,439.31,63866,12
1995,Georgia,GA,7328413,466.24,34168,13
1995,Hawaii,HI,1196854,216.4,2590,15
1995,Idaho,ID,1177322,282.68,3328,16
1995,Illinois,IL,12008437,313.6,37658,17
1995,Indiana,IN,5851459,274.22,16046,18
1995,Iowa,IA,2867373,205.97,5906,19
1995,Kansas,KS,2601007,271.2,7054,20
1995,Kentucky,KY,3887427,310.23,12060,21
1995,Louisiana,LA,4378779,575.39,25195,22
1995,Maine,ME,1243480,106.64,1326,23
1995,Maryland,MD,5070033,403.35,20450,24
1995,Massachusetts,MA,6141445,169.78,10427,25
1995,Michigan,MI,9676211,424.88,41112,26
1995,Minnesota,MN,4660180,103.99,4846,27
1995,Mississippi,MS,2722659,449.96,12251,28
1995,Missouri,MO,5378247,355.77,19134,29
1995,Montana,MT,876553,228.05,1999,30
1995,Nebraska,NE,1656992,181.41,3006,31
1995,Nevada,NV,1581578,487.68,7713,32
1995,New Hampshire,NH,1157561,174.07,2015,33
1995,New Jersey,NJ,8083242,334.84,27066,34
1995,New Mexico,NM,1720394,228.15,3925,35
1995,New York,NY,18524104,369.71,68485,36
1995,North Carolina,NC,7344674,380.06,27914,37
1995,North Dakota,ND,647832,83.97,544,38
1995,Ohio,OH,11202751,398.68,44663,39
1995,Oklahoma,OK,3308208,548.67,18151,40
1995,Oregon,OR,3184369,204.59,6515,41
1995,Pennsylvania,PA,12198403,265.69,32410,42
1995,Rhode Island,RI,1017002,180.24,1833,44
1995,South Carolina,SC,3748582,507.26,19015,45
1995,South Dakota,SD,737925,253.55,1871,46
1995,Tennessee,TN,5326936,285.45,15206,47
1995,Texas,TX,18958751,673.92,127767,48
1995,United States,US,266278393,410.9,1094138,0
1995,Utah,UT,2014177,171.14,3447,49
1995,Vermont,VT,589002,177.93,1048,50
1995,Virginia,VA,6670693,408.65,27260,51
1995,Washington,WA,5481027,211.79,11608,53
1995,West Virginia,WV,1823700,136.15,2483,54
1995,Wisconsin,WI,5184836,199.37,10337,55
1995,Wyoming,WY,485160,287.53,1395,56
1996,Alabama,AL,4331102,487.36,21108,1
1996,Alaska,AK,608569,383.69,2335,2
1996,Arizona,AZ,4586940,469.22,21523,4
1996,Arkansas,AR,2572109,349.6,8992,5
1996,California,CA,32018834,446.19,142865,6
1996,Colorado,CO,3919972,317.3,12438,8
1996,Connecticut,CT,3336685,340.79,11371,9
1996,Delaware,DE,740977,420.93,3119,10
1996,Federal,FD,269394284,33.32,89762,57
1996,Florida,FL,14853360,429.17,63746,12
1996,Georgia,GA,7501069,457.64,34328,13
1996,Hawaii,HI,1203755,245.4,2954,15
1996,Idaho,ID,1203083,318.52,3832,16
1996,Illinois,IL,12101997,321.04,38852,17
1996,Indiana,IN,5906013,284.3,16791,18
1996,Iowa,IA,2880000,220.21,6342,19
1996,Kansas,KS,2614554,296.65,7756,20
1996,Kentucky,KY,3919535,329.38,12910,21
1996,Louisiana,LA,4398877,608.77,26779,22
1996,Maine,ME,1249060,108.16,1351,23
1996,Maryland,MD,5111986,410.41,20980,24
1996,Massachusetts,MA,6179756,176.06,10880,25
1996,Michigan,MI,9758645,433.96,42349,26
1996,Minnesota,MN,4712827,109.45,5158,27
1996,Mississippi,MS,2748085,478.26,13143,28
1996,Missouri,MO,5431553,405.1,22003,29
1996,Montana,MT,886254,251.62,2230,30
1996,Nebraska,NE,1673740,192.56,3223,31
1996,Nevada,NV,1666320,499.6,8325,32
1996,New Hampshire,NH,1174719,175.53,2062,33
1996,New Jersey,NJ,8149596,337.32,27490,34
1996,New Mexico,NM,1752326,257.14,4506,35
1996,New York,NY,18588460,375.01,69709,36
1996,North Carolina,NC,7500670,369.98,27751,37
1996,North Dakota,ND,650382,99.94,650,38
1996,Ohio,OH,11242827,410.7,46174,39
1996,Oklahoma,OK,3340129,586.59,19593,40
1996,Oregon,OR,3247111,225.31,7316,41
1996,Pennsylvania,PA,12220464,282.6,34535,42
1996,Rhode Island,RI,1020893,198.94,2031,44
1996,South Carolina,SC,3796200,520.47,19758,45
1996,South Dakota,SD,742213,277.95,2063,46
1996,Tennessee,TN,5416643,288.48,15626,47
1996,Texas,TX,19340342,684.49,132383,48
1996,United States,US,269394284,426.79,1149748,0
1996,Utah,UT,2067976,192.27,3976,49
1996,Vermont,VT,593701,134.92,801,50
1996,Virginia,VA,6750884,400.87,27062,51
1996,Washington,WA,5569753,224.91,12527,53
1996,West Virginia,WV,1822808,149.49,2725,54
1996,Wisconsin,WI,5229986,235.95,12340,55
1996,Wyoming,WY,488167,302.77,1478,56
1997,Alabama,AL,4367935,496.34,21680,1
1997,Alaska,AK,612968,419.43,2571,2
1997,Arizona,AZ,4736990,471.88,22353,4
1997,Arkansas,AR,2601090,381.99,9936,5
1997,California,CA,32486010,470.17,152739,6
1997,Colorado,CO,4018293,334.99,13461,8
1997,Connecticut,CT,3349348,355.89,11920,9
1997,Delaware,DE,751487,434.34,3264,10
1997,Federal,FD,272646925,35.3,96244,57
1997,Florida,FL,15186304,425.21,64574,12
1997,Georgia,GA,7685099,465.67,35787,13
1997,Hawaii,HI,1211640,284.57,3448,15
1997,Idaho,ID,1228520,318.35,3911,16
1997,Illinois,IL,12185715,334.72,40788,17
1997,Indiana,IN,5955267,297.72,17730,18
1997,Iowa,IA,2891119,239.98,6938,19
1997,Kansas,KS,2635292,300.19,7911,20
1997,Kentucky,KY,3952747,369.36,14600,21
1997,Louisiana,LA,4421071,661.94,29265,22
1997,Maine,ME,1254774,122.89,1542,23
1997,Maryland,MD,5157328,408.89,21088,24
1997,Massachusetts,MA,6226058,174.22,10847,25
1997,Michigan,MI,9809051,456.43,44771,26
1997,Minnesota,MN,4763390,111.39,5306,27
1997,Mississippi,MS,2777004,492.47,13676,28
1997,Missouri,MO,5481193,431.73,23664,29
1997,Montana,MT,889865,285.55,2541,30
1997,Nebraska,NE,1686418,197.4,3329,31
1997,Nevada,NV,1764104,511.53,9024,32
1997,New Hampshire,NH,1189425,182.27,2168,33
1997,New Jersey,NJ,8218808,345.07,28361,34
1997,New Mexico,NM,1774839,250.73,4450,35
1997,New York,NY,18656546,370.42,69108,36
1997,North Carolina,NC,7656825,360.03,27567,37
1997,North Dakota,ND,649716,110.05,715,38
1997,Ohio,OH,11277357,425.77,48016,39
1997,Oklahoma,OK,3372917,609.03,20542,40
1997,Oregon,OR,3304310,229.67,7589,41
1997,Pennsylvania,PA,12227814,285.88,34957,42
1997,Rhode Island,RI,1025353,204.81,2100,44
1997,South Carolina,SC,3859696,525.02,20264,45
1997,South Dakota,SD,744223,301.25,2242,46
1997,Tennessee,TN,5499233,302.93,16659,47
1997,Texas,TX,19740317,710.99,140352,48
1997,United States,US,272646925,443.8,1210007,0
1997,Utah,UT,2119784,201.91,4280,49
1997,Vermont,VT,597239,138.64,828,50
1997,Virginia,VA,6829183,403.04,27524,51
1997,Washington,WA,5674747,232.86,13214,53
1997,West Virginia,WV,1819113,173.05,3148,54
1997,Wisconsin,WI,5266213,298.09,15698,55
1997,Wyoming,WY,489451,316.48,1549,56
1998,Alabama,AL,4404701,504,22200,1
1998,Alaska,AK,619932,409.88,2541,2
1998,Arizona,AZ,4883342,481.23,23500,4
1998,Arkansas,AR,2626289,402.13,10561,5
1998,California,CA,32987675,482.33,159109,6
1998,Colorado,CO,4116639,347.66,14312,8
1998,Connecticut,CT,3365352,362.31,12193,9
1998,Delaware,DE,763335,420.65,3211,10
1998,Federal,FD,275854104,38.18,105321,57
1998,Florida,FL,15486559,433.88,67193,12
1998,Georgia,GA,7863536,492.88,38758,13
1998,Hawaii,HI,1215233,302,3670,15
1998,Idaho,ID,1252330,326.03,4083,16
1998,Illinois,IL,12271847,350.81,43051,17
1998,Indiana,IN,5998880,316.99,19016,18
1998,Iowa,IA,2902872,254.71,7394,19
1998,Kansas,KS,2660598,307.56,8183,20
1998,Kentucky,KY,3985390,376.05,14987,21
1998,Louisiana,LA,4440344,725.8,32228,22
1998,Maine,ME,1259127,130.33,1641,23
1998,Maryland,MD,5204464,413.88,21540,24
1998,Massachusetts,MA,6271838,171.31,10744,25
1998,Michigan,MI,9847942,465.87,45879,26
1998,Minnesota,MN,4813412,115.45,5557,27
1998,Mississippi,MS,2804834,565.27,15855,28
1998,Missouri,MO,5521765,453.41,25036,29
1998,Montana,MT,892431,306.35,2734,30
1998,Nebraska,NE,1695816,211.58,3588,31
1998,Nevada,NV,1853191,520.78,9651,32
1998,New Hampshire,NH,1205940,179.86,2169,33
1998,New Jersey,NJ,8287418,375.52,31121,34
1998,New Mexico,NM,1793484,269.03,4825,35
1998,New York,NY,18755906,385.42,72289,36
1998,North Carolina,NC,7809121,348.87,27244,37
1998,North Dakota,ND,647532,128.8,834,38
1998,Ohio,OH,11311536,428.32,48450,39
1998,Oklahoma,OK,3405194,613.53,20892,40
1998,Oregon,OR,3352449,268.04,8986,41
1998,Pennsylvania,PA,12245672,297.03,36373,42
1998,Rhode Island,RI,1031155,210.93,2175,44
1998,South Carolina,SC,3919235,533.52,20910,45
1998,South Dakota,SD,746058,323.97,2417,46
1998,Tennessee,TN,5570045,384.88,21438,47
1998,Texas,TX,20157531,716.9,144509,48
1998,United States,US,275854104,463,1277205,0
1998,Utah,UT,2165960,221.33,4794,49
1998,Vermont,VT,600416,159.72,959,50
1998,Virginia,VA,6900918,415.48,28672,51
1998,Washington,WA,5769562,245.44,14161,53
1998,West Virginia,WV,1815609,191.56,3478,54
1998,Wisconsin,WI,5297672,338.85,17951,55
1998,Wyoming,WY,490787,320.1,1571,56
1999,Alabama,AL,4430141,544.2,24109,1
1999,Alaska,AK,624779,372.13,2325,2
1999,Arizona,AZ,5023823,476.61,23944,4
1999,Arkansas,AR,2651860,427.47,11336,5
1999,California,CA,33499204,479.17,160518,6
1999,Colorado,CO,4226018,370.8,15670,8
1999,Connecticut,CT,3386401,384.83,13032,9
1999,Delaware,DE,774990,481.3,3730,10
1999,Federal,FD,279040168,41.7,116360,57
1999,Florida,FL,15759421,441.6,69594,12
1999,Georgia,GA,8045965,522.1,42008,13
1999,Hawaii,HI,1210300,315.38,3817,15
1999,Idaho,ID,1275674,379.56,4842,16
1999,Illinois,IL,12359020,361.36,44661,17
1999,Indiana,IN,6044969,318.61,19260,18
1999,Iowa,IA,2917634,247.87,7232,19
1999,Kansas,KS,2678338,319.86,8567,20
1999,Kentucky,KY,4018053,381.2,15317,21
1999,Louisiana,LA,4460811,763.67,34066,22
1999,Maine,ME,1266808,131.27,1663,23
1999,Maryland,MD,5254509,422.19,22184,24
1999,Massachusetts,MA,6317345,162.76,10282,25
1999,Michigan,MI,9897116,471.02,46617,26
1999,Minnesota,MN,4873481,122.19,5955,27
1999,Mississippi,MS,2828408,615.54,17410,28
1999,Missouri,MO,5561948,469.85,26133,29
1999,Montana,MT,897507,328.8,2951,30
1999,Nebraska,NE,1704764,213.05,3632,31
1999,Nevada,NV,1934718,486.53,9413,32
1999,New Hampshire,NH,1222014,184.7,2257,33
1999,New Jersey,NJ,8359592,376.73,31493,34
1999,New Mexico,NM,1808082,264.2,4777,35
1999,New York,NY,18882725,386.06,72899,36
1999,North Carolina,NC,7949361,335.06,26635,37
1999,North Dakota,ND,644259,134.42,866,38
1999,Ohio,OH,11335454,413.23,46841,39
1999,Oklahoma,OK,3437147,651.5,22393,40
1999,Oregon,OR,3393941,289.93,9840,41
1999,Pennsylvania,PA,12263805,297.83,36525,42
1999,Rhode Island,RI,1040402,183.39,1908,44
1999,South Carolina,SC,3974682,534.08,21228,45
1999,South Dakota,SD,750412,332.88,2498,46
1999,Tennessee,TN,5638706,399.06,22502,47
1999,Texas,TX,20558220,753.3,154865,48
1999,United States,US,279040168,475.9,1327952,0
1999,Utah,UT,2203482,234.36,5164,49
1999,Vermont,VT,604683,194.81,1178,50
1999,Virginia,VA,7000174,415.53,29088,51
1999,Washington,WA,5842564,249.17,14558,53
1999,West Virginia,WV,1811799,194.94,3532,54
1999,Wisconsin,WI,5332666,376.02,20052,55
1999,Wyoming,WY,491780,347.72,1710,56
2000,Alabama,AL,4447100,584.79,26006,1
2000,Alaska,AK,626932,339.12,2126,2
2000,Arizona,AZ,5130632,491.84,25235,4
2000,Arkansas,AR,2673400,442.48,11829,5
2000,California,CA,33871648,471.88,159834,6
2000,Colorado,CO,4301261,388.93,16729,8
2000,Connecticut,CT,3405565,385.58,13131,9
2000,Delaware,DE,783600,500.63,3923,10
2000,Federal,FD,281421906,44.07,124023,57
2000,Florida,FL,15982378,444.43,71030,12
2000,Georgia,GA,8186453,536.33,43906,13
2000,Hawaii,HI,1211537,293.26,3553,15
2000,Idaho,ID,1293953,425.92,5511,16
2000,Illinois,IL,12419293,364.06,45214,17
2000,Indiana,IN,6080485,325.22,19775,18
2000,Iowa,IA,2926324,271.67,7950,19
2000,Kansas,KS,2688418,309.86,8330,20
2000,Kentucky,KY,4041769,368.47,14893,21
2000,Louisiana,LA,4468976,787.81,35207,22
2000,Maine,ME,1274923,128.01,1632,23
2000,Maryland,MD,5296486,423.49,22430,24
2000,Massachusetts,MA,6349097,148.97,9458,25
2000,Michigan,MI,9938444,479.32,47637,26
2000,Minnesota,MN,4919479,126.43,6220,27
2000,Mississippi,MS,2844658,675.45,19214,28
2000,Missouri,MO,5595211,490.88,27466,29
2000,Montana,MT,902195,343.74,3101,30
2000,Nebraska,NE,1711263,222.72,3811,31
2000,Nevada,NV,1998257,498.61,9964,32
2000,New Hampshire,NH,1235786,181.95,2249,33
2000,New Jersey,NJ,8414350,353.27,29725,34
2000,New Mexico,NM,1819046,256.26,4661,35
2000,New York,NY,18976457,369.51,70120,36
2000,North Carolina,NC,8049313,334.72,26943,37
2000,North Dakota,ND,642200,155.02,996,38
2000,Ohio,OH,11353140,403.32,45789,39
2000,Oklahoma,OK,3450654,671.15,23159,40
2000,Oregon,OR,3421399,307.59,10524,41
2000,Pennsylvania,PA,12281054,299.9,36831,42
2000,Rhode Island,RI,1048319,187.11,1962,44
2000,South Carolina,SC,4012012,522.35,20957,45
2000,South Dakota,SD,754844,345.77,2610,46
2000,Tennessee,TN,5689283,388.66,22112,47
2000,Texas,TX,20851820,754.36,157298,48
2000,United States,US,281421906,470.26,1323415,0
2000,Utah,UT,2233169,246.89,5513,49
2000,Vermont,VT,608827,215.28,1311,50
2000,Virginia,VA,7078515,417.24,29534,51
2000,Washington,WA,5894121,248.11,14624,53
2000,West Virginia,WV,1808344,210.02,3798,54
2000,Wisconsin,WI,5363675,378.4,20296,55
2000,Wyoming,WY,493782,340.11,1679,56
2001,Alabama,AL,4464034,585.52,26138,1
2001,Alaska,AK,633316,346.75,2196,2
2001,Arizona,AZ,5304417,498.89,26463,4
2001,Arkansas,AR,2691068,464.35,12496,5
2001,California,CA,34485623,456.12,157296,6
2001,Colorado,CO,4433068,393.59,17448,8
2001,Connecticut,CT,3428433,387.23,13276,9
2001,Delaware,DE,794620,507.54,4033,10
2001,Federal,FD,285081556,47.65,135841,57
2001,Florida,FL,16353869,442.73,72403,12
2001,Georgia,GA,8419594,545.2,45904,13
2001,Hawaii,HI,1218305,301.24,3670,15
2001,Idaho,ID,1321170,452.93,5984,16
2001,Illinois,IL,12507833,354.56,44348,17
2001,Indiana,IN,6124967,340.95,20883,18
2001,Iowa,IA,2929424,271.79,7962,19
2001,Kansas,KS,2701456,317.5,8577,20
2001,Kentucky,KY,4069191,371.18,15104,21
2001,Louisiana,LA,4460816,802.77,35810,22
2001,Maine,ME,1284791,127.73,1641,23
2001,Maryland,MD,5375033,424.96,22842,24
2001,Massachusetts,MA,6411730,145.9,9355,25
2001,Michigan,MI,10006093,488.19,48849,26
2001,Minnesota,MN,4982813,132.58,6606,27
2001,Mississippi,MS,2853313,717.62,20476,28
2001,Missouri,MO,5643986,509.14,28736,29
2001,Montana,MT,905873,367.38,3328,30
2001,Nebraska,NE,1717948,224.98,3865,31
2001,Nevada,NV,2094509,488.56,10233,32
2001,New Hampshire,NH,1256879,190.31,2392,33
2001,New Jersey,NJ,8489469,331.49,28142,34
2001,New Mexico,NM,1828809,295.71,5408,35
2001,New York,NY,19088978,353.78,67533,36
2001,North Carolina,NC,8203451,336.79,27628,37
2001,North Dakota,ND,636267,161.41,1027,38
2001,Ohio,OH,11396874,397.31,45281,39
2001,Oklahoma,OK,3464729,657.48,22780,40
2001,Oregon,OR,3470382,327.57,11368,41
2001,Pennsylvania,PA,12299533,309.42,38057,42
2001,Rhode Island,RI,1058051,182.03,1926,44
2001,South Carolina,SC,4062701,531.81,21606,45
2001,South Dakota,SD,758983,366.41,2781,46
2001,Tennessee,TN,5755443,411.28,23671,47
2001,Texas,TX,21332847,717.47,153057,48
2001,United States,US,285081556,469.55,1338600,0
2001,Utah,UT,2291250,229.31,5254,49
2001,Vermont,VT,612153,214.49,1313,50
2001,Virginia,VA,7191304,440.28,31662,51
2001,Washington,WA,5987785,250.84,15020,53
2001,West Virginia,WV,1798582,231.52,4164,54
2001,Wisconsin,WI,5408769,388.87,21033,55
2001,Wyoming,WY,492982,341.59,1684,56
2002,Alabama,AL,4472420,615.6,27532,1
2002,Alaska,AK,642691,400.97,2577,2
2002,Arizona,AZ,5452108,513.71,28008,4
2002,Arkansas,AR,2704732,480.6,12999,5
2002,California,CA,34876194,458.72,159984,6
2002,Colorado,CO,4504265,418.11,18833,8
2002,Connecticut,CT,3448382,408.37,14082,9
2002,Delaware,DE,804131,455.03,3659,10
2002,Federal,FD,287803914,49.46,142348,57
2002,Florida,FL,16680309,450.85,75203,12
2002,Georgia,GA,8585535,552.37,47424,13
2002,Hawaii,HI,1228069,312.69,3840,15
2002,Idaho,ID,1342149,428.12,5746,16
2002,Illinois,IL,12558229,339.96,42693,17
2002,Indiana,IN,6149007,350.33,21542,18
2002,Iowa,IA,2929264,286.69,8398,19
2002,Kansas,KS,2712598,329.39,8935,20
2002,Kentucky,KY,4091330,380.61,15572,21
2002,Louisiana,LA,4466068,806.79,36032,22
2002,Maine,ME,1293938,140.42,1817,23
2002,Maryland,MD,5439913,427.84,23274,24
2002,Massachusetts,MA,6440978,138.91,8947,25
2002,Michigan,MI,10038767,503.96,50591,26
2002,Minnesota,MN,5017458,142.08,7129,27
2002,Mississippi,MS,2858643,748.5,21397,28
2002,Missouri,MO,5680852,529.5,30080,29
2002,Montana,MT,909868,365.22,3323,30
2002,Nebraska,NE,1725083,230.25,3972,31
2002,Nevada,NV,2166214,483.7,10478,32
2002,New Hampshire,NH,1271163,192.82,2451,33
2002,New Jersey,NJ,8544115,326.44,27891,34
2002,New Mexico,NM,1850035,304.37,5631,35
2002,New York,NY,19161873,349.99,67065,36
2002,North Carolina,NC,8316617,344.05,28613,37
2002,North Dakota,ND,633617,161.77,1025,38
2002,Ohio,OH,11420981,399.67,45646,39
2002,Oklahoma,OK,3484754,651.47,22702,40
2002,Oregon,OR,3517111,343.46,12080,41
2002,Pennsylvania,PA,12326302,325.84,40164,42
2002,Rhode Island,RI,1066034,191.83,2045,44
2002,South Carolina,SC,4103934,556.47,22837,45
2002,South Dakota,SD,762107,381.97,2911,46
2002,Tennessee,TN,5803306,430.6,24989,47
2002,Texas,TX,21710788,699.11,151782,48
2002,United States,US,287803914,477.35,1373832,0
2002,Utah,UT,2334473,234.53,5475,49
2002,Vermont,VT,614950,214.81,1321,50
2002,Virginia,VA,7283541,480.16,34973,51
2002,Washington,WA,6056187,262.9,15922,53
2002,West Virginia,WV,1799411,250.3,4504,54
2002,Wisconsin,WI,5446766,397.37,21644,55
2002,Wyoming,WY,497069,349.45,1737,56
2003,Alabama,AL,4490591,607.31,27272,1
2003,Alaska,AK,650884,403.91,2629,2
2003,Arizona,AZ,5591206,531.58,29722,4
2003,Arkansas,AR,2722291,486.5,13244,5
2003,California,CA,35251107,461.48,162677,6
2003,Colorado,CO,4548775,432.45,19671,8
2003,Connecticut,CT,3467673,391.82,13587,9
2003,Delaware,DE,814905,505.83,4122,10
2003,Federal,FD,290326418,52.07,151173,57
2003,Florida,FL,16981183,482.91,82004,12
2003,Georgia,GA,8735259,540.34,47200,13
2003,Hawaii,HI,1239298,336.24,4167,15
2003,Idaho,ID,1364109,420.57,5737,16
2003,Illinois,IL,12597981,344.64,43418,17
2003,Indiana,IN,6181789,372.17,23007,18
2003,Iowa,IA,2932799,291.39,8546,19
2003,Kansas,KS,2721955,335.49,9132,20
2003,Kentucky,KY,4118627,393.09,16190,21
2003,Louisiana,LA,4474726,805.57,36047,22
2003,Maine,ME,1303102,149.72,1951,23
2003,Maryland,MD,5496708,422.62,23230,24
2003,Massachusetts,MA,6451637,136.62,8814,25
2003,Michigan,MI,10066351,490.33,49358,26
2003,Minnesota,MN,5047862,155.81,7865,27
2003,Mississippi,MS,2867678,682.4,19569,28
2003,Missouri,MO,5714847,529.76,30275,29
2003,Montana,MT,916750,394.87,3620,30
2003,Nebraska,NE,1733680,229.34,3976,31
2003,Nevada,NV,2236949,471.31,10543,32
2003,New Hampshire,NH,1281871,189.88,2434,33
2003,New Jersey,NJ,8583481,317.42,27246,34
2003,New Mexico,NM,1869683,317.38,5934,35
2003,New York,NY,19231101,339.02,65197,36
2003,North Carolina,NC,8416451,349.24,29394,37
2003,North Dakota,ND,632809,181.26,1147,38
2003,Ohio,OH,11445180,391.24,44778,39
2003,Oklahoma,OK,3498687,641.61,22448,40
2003,Oregon,OR,3550180,357.59,12695,41
2003,Pennsylvania,PA,12357524,330.81,40880,42
2003,Rhode Island,RI,1071504,185.07,1983,44
2003,South Carolina,SC,4146474,553.29,22942,45
2003,South Dakota,SD,766975,393.23,3016,46
2003,Tennessee,TN,5856522,433.76,25403,47
2003,Texas,TX,22057801,709.65,156533,48
2003,United States,US,290326418,482.67,1401319,0
2003,Utah,UT,2379938,238.7,5681,49
2003,Vermont,VT,616559,227.23,1401,50
2003,Virginia,VA,7373694,475.57,35067,51
2003,Washington,WA,6113262,262.31,16036,53
2003,West Virginia,WV,1802238,261.62,4715,54
2003,Wisconsin,WI,5476796,402.88,22065,55
2003,Wyoming,WY,499189,375.01,1872,56
2004,Alabama,AL,4512190,559.75,25257,1
2004,Alaska,AK,661569,397.84,2632,2
2004,Arizona,AZ,5759425,540.09,31106,4
2004,Arkansas,AR,2746161,497.71,13668,5
2004,California,CA,35558419,463.84,164934,6
2004,Colorado,CO,4599681,441.18,20293,8
2004,Connecticut,CT,3474610,381.05,13240,9
2004,Delaware,DE,826639,494.41,4087,10
2004,Federal,FD,293045739,54.04,158362,57
2004,Florida,FL,17375259,492.25,85530,12
2004,Georgia,GA,8913676,573.15,51089,13
2004,Hawaii,HI,1252782,333.18,4174,15
2004,Idaho,ID,1391718,458.07,6375,16
2004,Illinois,IL,12645295,348.38,44054,17
2004,Indiana,IN,6214454,385.21,23939,18
2004,Iowa,IA,2941358,289.83,8525,19
2004,Kansas,KS,2730765,328.33,8966,20
2004,Kentucky,KY,4147970,413.21,17140,21
2004,Louisiana,LA,4489327,822.82,36939,22
2004,Maine,ME,1308253,149.89,1961,23
2004,Maryland,MD,5542659,409.48,22696,24
2004,Massachusetts,MA,6451279,134.67,8688,25
2004,Michigan,MI,10089305,484.5,48883,26
2004,Minnesota,MN,5079344,172.42,8758,27
2004,Mississippi,MS,2886006,674.6,19469,28
2004,Missouri,MO,5758444,539.4,31061,29
2004,Montana,MT,925887,341.73,3164,30
2004,Nebraska,NE,1742184,231.78,4038,31
2004,Nevada,NV,2328703,484.39,11280,32
2004,New Hampshire,NH,1292766,189.36,2448,33
2004,New Jersey,NJ,8611530,310.71,26757,34
2004,New Mexico,NM,1891829,323.02,6111,35
2004,New York,NY,19297933,330.35,63751,36
2004,North Carolina,NC,8531283,359.65,30683,37
2004,North Dakota,ND,636303,194.56,1238,38
2004,Ohio,OH,11464593,390.82,44806,39
2004,Oklahoma,OK,3514449,651.97,22913,40
2004,Oregon,OR,3573505,368.46,13167,41
2004,Pennsylvania,PA,12388368,330.4,40931,42
2004,Rhode Island,RI,1071414,176.78,1894,44
2004,South Carolina,SC,4201306,541.02,22730,45
2004,South Dakota,SD,774283,398.82,3088,46
2004,Tennessee,TN,5916762,437.47,25884,47
2004,Texas,TX,22418319,703.07,157616,48
2004,United States,US,293045739,486.88,1426781,0
2004,Utah,UT,2438915,242.53,5915,49
2004,Vermont,VT,618145,234.73,1451,50
2004,Virginia,VA,7468914,476.16,35564,51
2004,Washington,WA,6184289,266.85,16503,53
2004,West Virginia,WV,1803302,278.71,5026,54
2004,Wisconsin,WI,5511385,402.6,22189,55
2004,Wyoming,WY,502988,393.65,1980,56
2005,Alabama,AL,4545049,594.12,27003,1
2005,Alaska,AK,669488,415.39,2781,2
2005,Arizona,AZ,5974834,525.72,31411,4
2005,Arkansas,AR,2776221,482.06,13383,5
2005,California,CA,35795255,472.08,168982,6
2005,Colorado,CO,4660780,460.35,21456,8
2005,Connecticut,CT,3477416,377.32,13121,9
2005,Delaware,DE,839906,472.91,3972,10
2005,Federal,FD,295753151,55.91,165356,57
2005,Florida,FL,17783868,504.76,89766,12
2005,Georgia,GA,9097428,535.77,48741,13
2005,Hawaii,HI,1266117,349.26,4422,15
2005,Idaho,ID,1425862,478.17,6818,16
2005,Illinois,IL,12674452,354.41,44920,17
2005,Indiana,IN,6253120,390.46,24416,18
2005,Iowa,IA,2949450,296.22,8737,19
2005,Kansas,KS,2741771,330.74,9068,20
2005,Kentucky,KY,4182293,459.44,19215,21
2005,Louisiana,LA,4497691,802.26,36083,22
2005,Maine,ME,1311631,145.24,1905,23
2005,Maryland,MD,5582520,396.65,22143,24
2005,Massachusetts,MA,6453031,140.72,9081,25
2005,Michigan,MI,10090554,491.01,49546,26
2005,Minnesota,MN,5106560,181.75,9281,27
2005,Mississippi,MS,2900116,666.7,19335,28
2005,Missouri,MO,5806639,530.48,30803,29
2005,Montana,MT,934801,375.37,3509,30
2005,Nebraska,NE,1751721,247.19,4330,31
2005,Nevada,NV,2408804,483.39,11644,32
2005,New Hampshire,NH,1301415,193.64,2520,33
2005,New Jersey,NJ,8621837,317.32,27359,34
2005,New Mexico,NM,1916538,328.3,6292,35
2005,New York,NY,19330891,323.24,62485,36
2005,North Carolina,NC,8669452,363.6,31522,37
2005,North Dakota,ND,635365,208.86,1327,38
2005,Ohio,OH,11475262,399.59,45854,39
2005,Oklahoma,OK,3532769,691.07,24414,40
2005,Oregon,OR,3617869,370.11,13390,41
2005,Pennsylvania,PA,12418161,340.99,42345,42
2005,Rhode Island,RI,1064989,190.14,2025,44
2005,South Carolina,SC,4256199,527.79,22464,45
2005,South Dakota,SD,780084,442.77,3454,46
2005,Tennessee,TN,5995748,439.8,26369,47
2005,Texas,TX,22801920,698.43,159255,48
2005,United States,US,295753151,492.19,1455667,0
2005,Utah,UT,2499637,251.04,6275,49
2005,Vermont,VT,618814,249.19,1542,50
2005,Virginia,VA,7563887,467.27,35344,51
2005,Washington,WA,6261282,276.62,17320,53
2005,West Virginia,WV,1803920,293.36,5292,54
2005,Wisconsin,WI,5541443,395.69,21927,55
2005,Wyoming,WY,506242,404.35,2047,56
2006,Alabama,AL,4597688,598.69,27526,1
2006,Alaska,AK,677325,460.05,3116,2
2006,Arizona,AZ,6192100,541.93,33557,4
2006,Arkansas,AR,2815097,487.12,13713,5
2006,California,CA,35979208,483.45,173941,6
2006,Colorado,CO,4753044,472.98,22481,8
2006,Connecticut,CT,3485162,394.41,13746,9
2006,Delaware,DE,853022,491.78,4195,10
2006,Federal,FD,298593212,57.81,172617,57
2006,Florida,FL,18088505,513.44,92874,12
2006,Georgia,GA,9330086,565.71,52781,13
2006,Hawaii,HI,1275599,342.82,4373,15
2006,Idaho,ID,1464413,486.47,7124,16
2006,Illinois,IL,12718011,354.66,45106,17
2006,Indiana,IN,6301700,413.46,26055,18
2006,Iowa,IA,2964391,298.14,8838,19
2006,Kansas,KS,2755700,319.92,8816,20
2006,Kentucky,KY,4219374,462.49,19514,21
2006,Louisiana,LA,4240327,857.86,36376,22
2006,Maine,ME,1314963,151.87,1997,23
2006,Maryland,MD,5612196,397.63,22316,24
2006,Massachusetts,MA,6466399,146.48,9472,25
2006,Michigan,MI,10082438,511.55,51577,26
2006,Minnesota,MN,5148346,176.91,9108,27
2006,Mississippi,MS,2897150,663.38,19219,28
2006,Missouri,MO,5861572,514.3,30146,29
2006,Montana,MT,946230,376.55,3563,30
2006,Nebraska,NE,1760435,238.8,4204,31
2006,Nevada,NV,2493405,508.98,12691,32
2006,New Hampshire,NH,1311894,208.63,2737,33
2006,New Jersey,NJ,8623721,317.39,27371,34
2006,New Mexico,NM,1942608,327.45,6361,35
2006,New York,NY,19356564,325.34,62975,36
2006,North Carolina,NC,8866977,363.36,32219,37
2006,North Dakota,ND,636771,214.05,1363,38
2006,Ohio,OH,11492495,427.81,49166,39
2006,Oklahoma,OK,3574334,668.35,23889,40
2006,Oregon,OR,3677545,371.63,13667,41
2006,Pennsylvania,PA,12471142,352.8,43998,42
2006,Rhode Island,RI,1060196,202.7,2149,44
2006,South Carolina,SC,4339399,526.82,22861,45
2006,South Dakota,SD,788519,424.85,3350,46
2006,Tennessee,TN,6089453,422.78,25745,47
2006,Texas,TX,23369024,694.05,162193,48
2006,United States,US,298593212,501.24,1496669,0
2006,Utah,UT,2583724,245.38,6340,49
2006,Vermont,VT,619985,263.55,1634,50
2006,Virginia,VA,7646996,479.77,36688,51
2006,Washington,WA,6372243,274.36,17483,53
2006,West Virginia,WV,1807237,316.45,5719,54
2006,Wisconsin,WI,5571680,405.95,22618,55
2006,Wyoming,WY,512841,412.21,2114,56
2007,Alabama,AL,4637904,616.77,28605,1
2007,Alaska,AK,682297,450.24,3072,2
2007,Arizona,AZ,6362241,557.82,35490,4
2007,Arkansas,AR,2842194,503.48,14310,5
2007,California,CA,36226122,477.16,172857,6
2007,Colorado,CO,4842259,471.7,22841,8
2007,Connecticut,CT,3488633,412.68,14397,9
2007,Delaware,DE,864896,485.72,4201,10
2007,Federal,FD,301579895,59.13,178324,57
2007,Florida,FL,18277888,537.37,98220,12
2007,Georgia,GA,9533761,568.84,54232,13
2007,Hawaii,HI,1276832,342.02,4367,15
2007,Idaho,ID,1499245,488.18,7319,16
2007,Illinois,IL,12779417,353.81,45215,17
2007,Indiana,IN,6346113,427.25,27114,18
2007,Iowa,IA,2978719,293.15,8732,19
2007,Kansas,KS,2775586,313.3,8696,20
2007,Kentucky,KY,4256278,512.72,21823,21
2007,Louisiana,LA,4376122,853.29,37341,22
2007,Maine,ME,1317308,148.03,1950,23
2007,Maryland,MD,5634242,404.31,22780,24
2007,Massachusetts,MA,6499275,151.89,9872,25
2007,Michigan,MI,10050847,499.79,50233,26
2007,Minnesota,MN,5191206,182.39,9468,27
2007,Mississippi,MS,2921723,735.94,21502,28
2007,Missouri,MO,5909824,504.99,29844,29
2007,Montana,MT,957225,358.43,3431,30
2007,Nebraska,NE,1769912,244.59,4329,31
2007,Nevada,NV,2567752,515.82,13245,32
2007,New Hampshire,NH,1317343,222.42,2930,33
2007,New Jersey,NJ,8636043,310.64,26827,34
2007,New Mexico,NM,1968731,316.19,6225,35
2007,New York,NY,19422777,320.11,62174,36
2007,North Carolina,NC,9064074,364.25,33016,37
2007,North Dakota,ND,638202,221.87,1416,38
2007,Ohio,OH,11520815,440.34,50731,39
2007,Oklahoma,OK,3612186,669.87,24197,40
2007,Oregon,OR,3732957,372.84,13918,41
2007,Pennsylvania,PA,12522531,362.91,45446,42
2007,Rhode Island,RI,1055009,235.16,2481,44
2007,South Carolina,SC,4424232,526.96,23314,45
2007,South Dakota,SD,797035,414.79,3306,46
2007,Tennessee,TN,6172862,425.52,26267,47
2007,Texas,TX,23837701,678.32,161696,48
2007,United States,US,301579895,505.74,1525210,0
2007,Utah,UT,2663796,241.05,6421,49
2007,Vermont,VT,620460,260.77,1618,50
2007,Virginia,VA,7719749,492.04,37984,51
2007,Washington,WA,6464979,274.66,17757,53
2007,West Virginia,WV,1811198,333.98,6049,54
2007,Wisconsin,WI,5601571,398.23,22307,55
2007,Wyoming,WY,523414,398.16,2084,56
2008,Alabama,AL,4677464,634.83,29694,1
2008,Alaska,AK,688125,431.03,2966,2
2008,Arizona,AZ,6499377,572.18,37188,4
2008,Arkansas,AR,2867764,511.2,14660,5
2008,California,CA,36580371,471.79,172583,6
2008,Colorado,CO,4935213,471.59,23274,8
2008,Connecticut,CT,3502932,407.4,14271,9
2008,Delaware,DE,876211,464.16,4067,10
2008,Federal,FD,304374846,59.63,181499,57
2008,Florida,FL,18423878,555.74,102389,12
2008,Georgia,GA,9697838,543.47,52705,13
2008,Hawaii,HI,1287481,334.3,4304,15
2008,Idaho,ID,1527506,477.25,7290,16
2008,Illinois,IL,12842954,354.08,45474,17
2008,Indiana,IN,6388309,443.01,28301,18
2008,Iowa,IA,2993987,292.79,8766,19
2008,Kansas,KS,2797375,305.25,8539,20
2008,Kentucky,KY,4287931,491.12,21059,21
2008,Louisiana,LA,4451513,849.24,37804,22
2008,Maine,ME,1319691,150.41,1985,23
2008,Maryland,MD,5658655,402.02,22749,24
2008,Massachusetts,MA,6543595,155.36,10166,25
2008,Michigan,MI,10002486,487.26,48738,26
2008,Minnesota,MN,5230567,189.46,9910,27
2008,Mississippi,MS,2940212,737.97,21698,28
2008,Missouri,MO,5956335,506.6,30175,29
2008,Montana,MT,968035,363.31,3517,30
2008,Nebraska,NE,1781949,248.27,4424,31
2008,Nevada,NV,2615772,487.16,12743,32
2008,New Hampshire,NH,1321872,204.41,2702,33
2008,New Jersey,NJ,8663398,299.57,25953,34
2008,New Mexico,NM,1986763,317.85,6315,35
2008,New York,NY,19467789,307.99,59959,36
2008,North Carolina,NC,9247134,370.16,34229,37
2008,North Dakota,ND,641421,226.37,1452,38
2008,Ohio,OH,11528072,448.35,51686,39
2008,Oklahoma,OK,3644025,664.38,24210,40
2008,Oregon,OR,3782991,373.54,14131,41
2008,Pennsylvania,PA,12566368,390.3,49047,42
2008,Rhode Island,RI,1053502,239.39,2522,44
2008,South Carolina,SC,4503280,520.86,23456,45
2008,South Dakota,SD,804532,414.28,3333,46
2008,Tennessee,TN,6240456,436.31,27228,47
2008,Texas,TX,24304290,670.73,163016,48
2008,United States,US,304374846,506.14,1540563,0
2008,Utah,UT,2727343,235.61,6426,49
2008,Vermont,VT,621049,260.53,1618,50
2008,Virginia,VA,7795424,490.24,38216,51
2008,Washington,WA,6566073,273.01,17926,53
2008,West Virginia,WV,1814873,331.65,6019,54
2008,Wisconsin,WI,5627610,398.8,22443,55
2008,Wyoming,WY,532981,391.01,2084,56
2009,Alabama,AL,4708708,652.47,30723,1
2009,Alaska,AK,698473,359.07,2508,2
2009,Arizona,AZ,6595778,584.15,38529,4
2009,Arkansas,AR,2889450,524.11,15144,5
2009,California,CA,36961664,460.29,170131,6
2009,Colorado,CO,5024748,453.65,22795,8
2009,Connecticut,CT,3518288,382.74,13466,9
2009,Delaware,DE,885122,448.64,3971,10
2009,Federal,FD,307006550,60.92,187028,57
2009,Florida,FL,18537969,560.55,103915,12
2009,Georgia,GA,9829211,564.81,55516,13
2009,Hawaii,HI,1295178,318.03,4119,15
2009,Idaho,ID,1545801,478.72,7400,16
2009,Illinois,IL,12910409,349.8,45161,17
2009,Indiana,IN,6423113,448.19,28788,18
2009,Iowa,IA,3007856,293,8813,19
2009,Kansas,KS,2818747,306.55,8641,20
2009,Kentucky,KY,4314113,479.17,20672,21
2009,Louisiana,LA,4492076,885.56,39780,22
2009,Maine,ME,1318301,150.19,1980,23
2009,Maryland,MD,5699478,383.68,21868,24
2009,Massachusetts,MA,6593587,152.72,10070,25
2009,Michigan,MI,9969727,456.16,45478,26
2009,Minnesota,MN,5266214,189.62,9986,27
2009,Mississippi,MS,2951996,703.52,20768,28
2009,Missouri,MO,5987580,510.29,30554,29
2009,Montana,MT,974989,369.75,3605,30
2009,Nebraska,NE,1796619,244.46,4392,31
2009,Nevada,NV,2643085,472.25,12482,32
2009,New Hampshire,NH,1324575,206.18,2731,33
2009,New Jersey,NJ,8707739,291.49,25382,34
2009,New Mexico,NM,2009671,314.48,6320,35
2009,New York,NY,19541453,299.13,58454,36
2009,North Carolina,NC,9380884,371.64,34863,37
2009,North Dakota,ND,646844,229.73,1486,38
2009,Ohio,OH,11542645,447.09,51606,39
2009,Oklahoma,OK,3687050,661.67,24396,40
2009,Oregon,OR,3825657,375.49,14365,41
2009,Pennsylvania,PA,12604767,407.12,51317,42
2009,Rhode Island,RI,1053209,210.78,2220,44
2009,South Carolina,SC,4561242,514.9,23486,45
2009,South Dakota,SD,812383,422.21,3430,46
2009,Tennessee,TN,6296254,428.27,26965,47
2009,Texas,TX,24782302,654.44,162185,48
2009,United States,US,307006550,503.75,1546545,0
2009,Utah,UT,2784572,234.29,6524,49
2009,Vermont,VT,621760,277.28,1724,50
2009,Virginia,VA,7882590,482.82,38059,51
2009,Washington,WA,6664195,273.09,18199,53
2009,West Virginia,WV,1819777,346.91,6313,54
2009,Wisconsin,WI,5654774,394.92,22332,55
2009,Wyoming,WY,544270,381.24,2075,56
2010,Alabama,AL,4779736,642.35,30703,1
2010,Alaska,AK,710231,388.58,2760,2
2010,Arizona,AZ,6392017,599.13,38296,4
2010,Arkansas,AR,2915918,552.68,16116,5
2010,California,CA,37253956,439.8,163843,6
2010,Colorado,CO,5029196,451.99,22731,8
2010,Connecticut,CT,3574097,372.2,13303,9
2010,Delaware,DE,897934,440.21,3953,10
2010,Federal,FD,308745538,61.39,189539,57
2010,Florida,FL,18801310,553.68,104099,12
2010,Georgia,GA,9687653,563.06,54547,13
2010,Hawaii,HI,1360301,288.92,3930,15
2010,Idaho,ID,1567582,472.98,7414,16
2010,Illinois,IL,12830632,377.03,48375,17
2010,Indiana,IN,6483802,431.58,27983,18
2010,Iowa,IA,3046355,307.78,9376,19
2010,Kansas,KS,2853118,316.56,9032,20
2010,Kentucky,KY,4339367,458.61,19901,21
2010,Louisiana,LA,4533372,867.79,39340,22
2010,Maine,ME,1328361,146.3,1943,23
2010,Maryland,MD,5773552,385,22228,24
2010,Massachusetts,MA,6547629,152.96,10015,25
2010,Michigan,MI,9883640,446.62,44142,26
2010,Minnesota,MN,5303925,184.46,9784,27
2010,Mississippi,MS,2967297,685.71,20347,28
2010,Missouri,MO,5988927,510.6,30579,29
2010,Montana,MT,989415,374.99,3710,30
2010,Nebraska,NE,1826341,245.77,4489,31
2010,Nevada,NV,2700551,464.3,12539,32
2010,New Hampshire,NH,1316470,209.67,2760,33
2010,New Jersey,NJ,8791894,284.18,24985,34
2010,New Mexico,NM,2059179,320.15,6592,35
2010,New York,NY,19378102,291.11,56412,36
2010,North Carolina,NC,9535483,370.66,35344,37
2010,North Dakota,ND,672591,220.42,1483,38
2010,Ohio,OH,11536504,448.19,51705,39
2010,Oklahoma,OK,3751351,651.94,24457,40
2010,Oregon,OR,3831074,386.39,14803,41
2010,Pennsylvania,PA,12702379,401.6,51013,42
2010,Rhode Island,RI,1052567,198.19,2086,44
2010,South Carolina,SC,4625364,492.16,22764,45
2010,South Dakota,SD,814180,420.16,3421,46
2010,Tennessee,TN,6346105,431.79,27402,47
2010,Texas,TX,25145561,652,163949,48
2010,United States,US,308745538,500,1543728,0
2010,Utah,UT,2763885,244.82,6767,49
2010,Vermont,VT,625741,263.46,1649,50
2010,Virginia,VA,8001024,466.23,37303,51
2010,Washington,WA,6724540,270.09,18162,53
2010,West Virginia,WV,1852994,358.18,6637,54
2010,Wisconsin,WI,5686986,386.06,21955,55
2010,Wyoming,WY,563626,374.1,2109,56
2011,Alabama,AL,4801695,649.59,31191,1
2011,Alaska,AK,722572,398.61,2880,2
2011,Arizona,AZ,6472867,589.23,38140,4
2011,Arkansas,AR,2938430,544.64,16004,5
2011,California,CA,37701901,393.5,148356,6
2011,Colorado,CO,5119661,426.52,21836,8
2011,Connecticut,CT,3590537,349.62,12553,9
2011,Delaware,DE,907829,438.51,3981,10
2011,Federal,FD,311721632,62.99,196353,57
2011,Florida,FL,19107900,536.59,102530,12
2011,Georgia,GA,9813201,546.76,53655,13
2011,Hawaii,HI,1378251,282.19,3889,15
2011,Idaho,ID,1583780,486.72,7709,16
2011,Illinois,IL,12858725,376.28,48384,17
2011,Indiana,IN,6516560,442.55,28839,18
2011,Iowa,IA,3064904,295.04,9043,19
2011,Kansas,KS,2869965,324,9299,20
2011,Kentucky,KY,4370038,478.97,20931,21
2011,Louisiana,LA,4575972,865.25,39594,22
2011,Maine,ME,1327930,146.86,1950,23
2011,Maryland,MD,5843833,379.51,22178,24
2011,Massachusetts,MA,6612270,205,13555,25
2011,Michigan,MI,9875736,434.16,42876,26
2011,Minnesota,MN,5348036,182.7,9771,27
2011,Mississippi,MS,2978464,690.34,20562,28
2011,Missouri,MO,6010544,512.39,30798,29
2011,Montana,MT,997661,367.22,3664,30
2011,Nebraska,NE,1842232,243.94,4494,31
2011,Nevada,NV,2718586,461.26,12540,32
2011,New Hampshire,NH,1318109,198.11,2611,33
2011,New Jersey,NJ,8842614,269.26,23810,34
2011,New Mexico,NM,2078407,329.14,6841,35
2011,New York,NY,19521745,282.81,55209,36
2011,North Carolina,NC,9651502,361.74,34913,37
2011,North Dakota,ND,685242,205.54,1408,38
2011,Ohio,OH,11544757,441.44,50964,39
2011,Oklahoma,OK,3786527,632.16,23937,40
2011,Oregon,OR,3867644,372.22,14396,41
2011,Pennsylvania,PA,12743995,402.86,51340,42
2011,Rhode Island,RI,1052020,196.54,2068,44
2011,South Carolina,SC,4673054,473.08,22107,45
2011,South Dakota,SD,824171,426.02,3511,46
2011,Tennessee,TN,6398389,442.96,28342,47
2011,Texas,TX,25657477,632.67,162327,48
2011,United States,US,311721632,491.93,1533458,0
2011,Utah,UT,2815324,242.56,6829,49
2011,Vermont,VT,626450,255.1,1598,50
2011,Virginia,VA,8110188,468.04,37959,51
2011,Washington,WA,6822112,259.54,17706,53
2011,West Virginia,WV,1854982,366.64,6801,54
2011,Wisconsin,WI,5708785,384.64,21958,55
2011,Wyoming,WY,567631,381.65,2166,56
2012,Alabama,AL,4817484,650.49,31337,1
2012,Alaska,AK,731081,405.23,2963,2
2012,Arizona,AZ,6556236,582.8,38210,4
2012,Arkansas,AR,2949300,494.23,14576,5
2012,California,CA,38062780,351.2,133677,6
2012,Colorado,CO,5191709,392.17,20360,8
2012,Connecticut,CT,3594362,332.56,11953,9
2012,Delaware,DE,916881,448.37,4111,10
2012,Federal,FD,314112078,62.39,195975,57
2012,Florida,FL,19355257,524.46,101510,12
2012,Georgia,GA,9919000,542.01,53762,13
2012,Hawaii,HI,1392766,273.18,3805,15
2012,Idaho,ID,1595590,498.84,7959,16
2012,Illinois,IL,12873763,382.81,49282,17
2012,Indiana,IN,6537632,439.95,28762,18
2012,Iowa,IA,3075935,281.74,8666,19
2012,Kansas,KS,2885966,324.58,9367,20
2012,Kentucky,KY,4383465,489.19,21443,21
2012,Louisiana,LA,4604744,870.12,40067,22
2012,Maine,ME,1328592,145.37,1931,23
2012,Maryland,MD,5891819,360.3,21228,24
2012,Massachusetts,MA,6655829,198.99,13244,25
2012,Michigan,MI,9884781,440.75,43568,26
2012,Minnesota,MN,5380615,184.17,9910,27
2012,Mississippi,MS,2986137,716.71,21402,28
2012,Missouri,MO,6025281,517.96,31209,29
2012,Montana,MT,1005163,357.86,3597,30
2012,Nebraska,NE,1855487,246.54,4575,31
2012,Nevada,NV,2755245,459.86,12670,32
2012,New Hampshire,NH,1321297,211.16,2790,33
2012,New Jersey,NJ,8876000,261.34,23197,34
2012,New Mexico,NM,2084594,314.8,6562,35
2012,New York,NY,19607140,275.58,54033,36
2012,North Carolina,NC,9748181,357.18,34818,37
2012,North Dakota,ND,701705,213.46,1498,38
2012,Ohio,OH,11550901,440.38,50868,39
2012,Oklahoma,OK,3817059,647.9,24731,40
2012,Oregon,OR,3898684,378.26,14747,41
2012,Pennsylvania,PA,12770043,398.21,50851,42
2012,Rhode Island,RI,1052637,190.15,2002,44
2012,South Carolina,SC,4722621,457.96,21627,45
2012,South Dakota,SD,834504,434.5,3626,46
2012,Tennessee,TN,6455177,438.2,28287,47
2012,Texas,TX,26094422,601.23,156888,48
2012,United States,US,314112078,479.72,1506858,0
2012,Utah,UT,2855194,242.12,6913,49
2012,Vermont,VT,626138,242.35,1517,50
2012,Virginia,VA,8193422,450.7,36928,51
2012,Washington,WA,6896325,249.03,17174,53
2012,West Virginia,WV,1856313,378.45,7025,54
2012,Wisconsin,WI,5724888,356.88,20431,55
2012,Wyoming,WY,576893,379.49,2189,56
2013,Alabama,AL,4833996,647.41,31296,1
2013,Alaska,AK,737259,363.83,2682,2
2013,Arizona,AZ,6634997,584.31,38769,4
2013,Arkansas,AR,2958765,579.04,17133,5
2013,California,CA,38431393,352.03,135291,6
2013,Colorado,CO,5272086,383.26,20206,8
2013,Connecticut,CT,3599341,337.95,12164,9
2013,Delaware,DE,925240,441.81,4088,10
2013,Federal,FD,316497531,61.4,194329,57
2013,Florida,FL,19600311,521.58,102231,12
2013,Georgia,GA,9994759,532.2,53193,13
2013,Hawaii,HI,1408987,255.75,3604,15
2013,Idaho,ID,1612843,507.49,8185,16
2013,Illinois,IL,12890552,377.49,48660,17
2013,Indiana,IN,6570713,454.12,29839,18
2013,Iowa,IA,3092341,279.12,8631,19
2013,Kansas,KS,2895801,327.72,9490,20
2013,Kentucky,KY,4399583,461.26,20294,21
2013,Louisiana,LA,4629284,846.81,39201,22
2013,Maine,ME,1328702,148.31,1971,23
2013,Maryland,MD,5938737,352.2,20916,24
2013,Massachusetts,MA,6708874,191.93,12877,25
2013,Michigan,MI,9898193,441.17,43668,26
2013,Minnesota,MN,5422060,189.11,10254,27
2013,Mississippi,MS,2992206,692.8,20730,28
2013,Missouri,MO,6044917,520.78,31481,29
2013,Montana,MT,1014864,357.24,3626,30
2013,Nebraska,NE,1868969,262.79,4912,31
2013,Nevada,NV,2791494,458.62,12802,32
2013,New Hampshire,NH,1322616,214.95,2843,33
2013,New Jersey,NJ,8911502,251.5,22413,34
2013,New Mexico,NM,2086895,320.43,6687,35
2013,New York,NY,19695680,270.85,53346,36
2013,North Carolina,NC,9848917,355.4,35004,37
2013,North Dakota,ND,723857,205.92,1491,38
2013,Ohio,OH,11572005,446.49,51667,39
2013,Oklahoma,OK,3853118,702.77,27079,40
2013,Oregon,OR,3928068,384.29,15095,41
2013,Pennsylvania,PA,12781296,400.49,51187,42
2013,Rhode Island,RI,1053354,193.37,2037,44
2013,South Carolina,SC,4771929,446.41,21302,45
2013,South Dakota,SD,845510,432.25,3655,46
2013,Tennessee,TN,6497269,437.11,28400,47
2013,Texas,TX,26505637,599.5,158902,48
2013,United States,US,316497531,477.37,1510869,0
2013,Utah,UT,2902787,241.9,7022,49
2013,Vermont,VT,626855,251.28,1575,50
2013,Virginia,VA,8270345,445.55,36849,51
2013,Washington,WA,6973742,255.68,17831,53
2013,West Virginia,WV,1853595,367.74,6816,54
2013,Wisconsin,WI,5742953,370.08,21254,55
2013,Wyoming,WY,583223,395.69,2308,56
2014,Alabama,AL,4849377,633.2,30706,1
2014,Alaska,AK,736732,374.3,2758,2
2014,Arizona,AZ,6731484,593.18,39930,4
2014,Arkansas,AR,2966369,599.36,17779,5
2014,California,CA,38802500,349.16,135484,6
2014,Colorado,CO,5355866,382.9,20507,8
2014,Connecticut,CT,3596677,325.96,11724,9
2014,Delaware,DE,935614,440.36,4120,10
2014,Federal,FD,318857056,59.79,190645,57
2014,Florida,FL,19893297,513.32,102116,12
2014,Georgia,GA,10097343,517.49,52252,13
2014,Hawaii,HI,1419561,257.21,3651,15
2014,Idaho,ID,1634464,488.94,7992,16
2014,Illinois,IL,12880580,374.69,48262,17
2014,Indiana,IN,6596855,442.43,29187,18
2014,Iowa,IA,3107126,282.21,8768,19
2014,Kansas,KS,2904021,321.81,9345,20
2014,Kentucky,KY,4413457,474.2,20929,21
2014,Louisiana,LA,4649676,815.72,37928,22
2014,Maine,ME,1330089,152.55,2029,23
2014,Maryland,MD,5976407,345.76,20664,24
2014,Massachusetts,MA,6745408,188.49,12714,25
2014,Michigan,MI,9909877,437.03,43310,26
2014,Minnesota,MN,5457173,194.26,10601,27
2014,Mississippi,MS,2994079,596.51,17860,28
2014,Missouri,MO,6063589,525.54,31866,29
2014,Montana,MT,1023579,359.97,3685,30
2014,Nebraska,NE,1881503,283.14,5327,31
2014,Nevada,NV,2839099,434.2,12327,32
2014,New Hampshire,NH,1326813,219.39,2911,33
2014,New Jersey,NJ,8938175,240.94,21536,34
2014,New Mexico,NM,2085572,329.07,6863,35
2014,New York,NY,19746227,264.78,52283,36
2014,North Carolina,NC,9943964,358.08,35607,37
2014,North Dakota,ND,739482,214.12,1583,38
2014,Ohio,OH,11594163,443.61,51432,39
2014,Oklahoma,OK,3878051,700.07,27149,40
2014,Oregon,OR,3970239,377.57,14991,41
2014,Pennsylvania,PA,12787209,393.72,50346,42
2014,Rhode Island,RI,1055173,177.86,1877,44
2014,South Carolina,SC,4832482,428.7,20717,45
2014,South Dakota,SD,853175,420.6,3588,46
2014,Tennessee,TN,6549352,437.42,28648,47
2014,Texas,TX,26956958,583.58,157315,48
2014,United States,US,318857056,471.32,1502822,0
2014,Utah,UT,2942902,237.05,6976,49
2014,Vermont,VT,626562,240.73,1508,50
2014,Virginia,VA,8326289,449.43,37421,51
2014,Washington,WA,7061530,254.23,17952,53
2014,West Virginia,WV,1850326,371.84,6880,54
2014,Wisconsin,WI,5757564,371.17,21370,55
2014,Wyoming,WY,584153,407.67,2381,56
